{"settings":{"page_id":1403284307,"title":"Contact Info","alias":"contact-info","adminMenuTopItem":"current-theme","showPageTitle":true,"access":"edit_theme_options","pageDescription":"","icon":"custom-icon"},"sortOrder":{"bxcKe4G3Ns11":{"none":"none","0nFAa8tZFedx":{"none":"none","s7wltjL9obSi":"s7wltjL9obSi"},"qk4V7bXFpqQk":{"none":"none","jTcwfLvHV5IE":"jTcwfLvHV5IE"},"eb49rzQjqRde":{"none":"none","PaSq57rsWspL":"PaSq57rsWspL","tp1GYdkrl1em":"tp1GYdkrl1em"},"sEdXmcYvRyDm":{"none":"none","me4oIYNARMBf":"me4oIYNARMBf","qj7ZCf0NFBdf":"qj7ZCf0NFBdf","THNibOoUbS90":"THNibOoUbS90","Knhgepu1erRR":"Knhgepu1erRR","luiIbBdiKrYT":"luiIbBdiKrYT"},"fJvHtbigh8Hk":{"none":"none","BtKcALSKqlcq":"BtKcALSKqlcq","uGiZLENYWnpx":"uGiZLENYWnpx"}}},"elements":{"none":"none","bxcKe4G3Ns11":{"index":"bxcKe4G3Ns11","template":"tab","title":"Contact Info","separate":""},"0nFAa8tZFedx":{"index":"0nFAa8tZFedx","template":"container","type":"visible","title":"Business Type","display_on_customization_page":"true","separate":"","priority":1},"s7wltjL9obSi":{"index":"s7wltjL9obSi","template":"field","title":"Business Type","type":"select-type","alias":"business-type","values":"accountingservice=&gt;AccountingService\r\nadultentertainment=&gt;AdultEntertainment\r\namusementpark=&gt;AmusementPark\r\nanimalshelter=&gt;AnimalShelter\r\nartgallery=&gt;ArtGallery\r\nattorney=&gt;Attorney\r\nautobodyshop=&gt;AutoBodyShop\r\nautodealer=&gt;AutoDealer\r\nautomatedteller=&gt;AutomatedTeller\r\nautomotivebusiness=&gt;AutomotiveBusiness\r\nautopartsstore=&gt;AutoPartsStore\r\nautopartsstore=&gt;AutoPartsStore\r\nautorental=&gt;AutoRental\r\nautorepair=&gt;AutoRepair\r\nautowash=&gt;AutoWash\r\nbakery=&gt;Bakery\r\nbankorcreditunion=&gt;BankOrCreditUnion\r\nbarorpub=&gt;BarOrPub\r\nbeautysalon=&gt;BeautySalon\r\nbedandbreakfast=&gt;BedAndBreakfast\r\nbikestore=&gt;BikeStore\r\nbookstore=&gt;BookStore\r\nbowlingalley=&gt;BowlingAlley\r\nbrewery=&gt;Brewery\r\ncafeorcoffeeshop=&gt;CafeOrCoffeeShop\r\ncasino=&gt;Casino\r\nchildcare=&gt;ChildCare\r\nclothingstore=&gt;ClothingStore\r\ncomedyclub=&gt;ComedyClub\r\ncomputerstore=&gt;ComputerStore\r\nconveniencestore=&gt;ConvenienceStore\r\ndayspa=&gt;DaySpa\r\ndentist=&gt;Dentist\r\ndepartmentstore=&gt;DepartmentStore\r\ndiagnosticlab=&gt;DiagnosticLab\r\ndrycleaningorlaundry=&gt;DryCleaningOrLaundry\r\nelectrician=&gt;Electrician\r\nelectronicsstore=&gt;ElectronicsStore\r\nemergencyservice=&gt;EmergencyService\r\nemploymentagency=&gt;EmploymentAgency\r\nentertainmentbusiness=&gt;EntertainmentBusiness\r\nexercisegym=&gt;ExerciseGym\r\nfastfoodrestaurant=&gt;FastFoodRestaurant\r\nfinancialservice=&gt;FinancialService\r\nfirestation=&gt;FireStation\r\nflorist=&gt;Florist\r\nfoodestablishment=&gt;FoodEstablishment\r\nfurniturestore=&gt;FurnitureStore\r\ngardenstore=&gt;GardenStore\r\ngasstation=&gt;GasStation\r\ngeneralcontractor=&gt;GeneralContractor\r\ngolfcourse=&gt;GolfCourse\r\ngovernmentoffice=&gt;GovernmentOffice\r\ngrocerystore=&gt;GroceryStore\r\nhairsalon=&gt;HairSalon\r\nhardwarestore=&gt;HardwareStore\r\nhealthandbeautybusiness=&gt;HealthAndBeautyBusiness\r\nhealthclub=&gt;HealthClub\r\nhobbyshop=&gt;HobbyShop\r\nhomeandconstructionbusiness=&gt;HomeAndConstructionBusiness\r\nhomegoodsstore=&gt;HomeGoodsStore\r\nhospital=&gt;Hospital\r\nhostel=&gt;Hostel\r\nhotel=&gt;Hotel\r\nhousepainter=&gt;HousePainter\r\nhvacbusiness=&gt;HVACBusiness\r\nicecreamshop=&gt;IceCreamShop\r\ninsuranceagency=&gt;InsuranceAgency\r\ninternetcafe=&gt;InternetCafe\r\njewelrystore=&gt;JewelryStore\r\nlibrary=&gt;Library\r\nliquorstore=&gt;LiquorStore\r\nlocksmith=&gt;Locksmith\r\nlodgingbusiness=&gt;LodgingBusiness\r\nmedicalclinic=&gt;MedicalClinic\r\nmedicalorganization=&gt;MedicalOrganization\r\nmensclothingstore=&gt;MensClothingStore\r\nmobilephonestore=&gt;MobilePhoneStore\r\nmotel=&gt;Motel\r\nmotorcycledealer=&gt;MotorcycleDealer\r\nmotorcyclerepair=&gt;MotorcycleRepair\r\nmovierentalstore=&gt;MovieRentalStore\r\nmovietheater=&gt;MovieTheater\r\nmovingcompany=&gt;MovingCompany\r\nmusicstore=&gt;MusicStore\r\nnailsalon=&gt;NailSalon\r\nnightclub=&gt;NightClub\r\nnotary=&gt;Notary\r\nofficeequipmentstore=&gt;OfficeEquipmentStore\r\noptician=&gt;Optician\r\noutletstore=&gt;OutletStore\r\npawnshop=&gt;PawnShop\r\npetstore=&gt;PetStore\r\npharmacy=&gt;Pharmacy\r\nphysician=&gt;Physician\r\nplumber=&gt;Plumber\r\npolicestation=&gt;PoliceStation\r\npostoffice=&gt;PostOffice\r\nprofessionalservice=&gt;ProfessionalService\r\npublicswimmingpool=&gt;PublicSwimmingPool\r\nradiostation=&gt;RadioStation\r\nrealestateagent=&gt;RealEstateAgent\r\nrecyclingcenter=&gt;RecyclingCenter\r\nrestaurant=&gt;Restaurant\r\nroofingcontractor=&gt;RoofingContractor\r\nselfstorage=&gt;SelfStorage\r\nshoestore=&gt;ShoeStore\r\nshoppingcenter=&gt;ShoppingCenter\r\nskiresort=&gt;SkiResort\r\nsportinggoodsstore=&gt;SportingGoodsStore\r\nsportsactivitylocation=&gt;SportsActivityLocation\r\nsportsclub=&gt;SportsClub\r\nstadiumorarena=&gt;StadiumOrArena\r\nstore=&gt;Store\r\ntattooparlor=&gt;TattooParlor\r\ntelevisionstation=&gt;TelevisionStation\r\ntenniscomplex=&gt;TennisComplex\r\ntireshop=&gt;TireShop\r\ntouristinformationcenter=&gt;TouristInformationCenter\r\ntoystore=&gt;ToyStore\r\ntravelagency=&gt;TravelAgency\r\nveterinarycare=&gt;VeterinaryCare\r\nwholesalestore=&gt;WholesaleStore\r\nwinery=&gt;Winery\r\n","required":null,"requiredMessage":"","validation":null,"validationMessage":"","repeating":false,"titleCaption":"","fieldCaption":"","separate":""},"qk4V7bXFpqQk":{"index":"qk4V7bXFpqQk","template":"container","type":"visible","title":"Company Name","display_on_customization_page":"true","separate":"","priority":2},"jTcwfLvHV5IE":{"index":"jTcwfLvHV5IE","template":"field","title":"Company Name","type":"input-text","alias":"company-name","values":"","required":false,"requiredMessage":"","validation":"","validationMessage":"","repeating":false,"titleCaption":"","fieldCaption":"","separate":""},"eb49rzQjqRde":{"index":"eb49rzQjqRde","template":"container","type":"visible","title":"Phone Numbers","display_on_customization_page":"true","separate":"","priority":3},"PaSq57rsWspL":{"index":"PaSq57rsWspL","template":"field","title":"Phone Number","type":"input-text","alias":"phone","values":"","required":false,"requiredMessage":"","validation":"","validationMessage":"","repeating":false,"titleCaption":"","fieldCaption":"","separate":""},"tp1GYdkrl1em":{"index":"tp1GYdkrl1em","template":"field","title":"Toll Free","type":"input-text","alias":"tollfree","values":"","required":false,"requiredMessage":"","validation":"","validationMessage":"","repeating":false,"titleCaption":"","fieldCaption":"","separate":""},"sEdXmcYvRyDm":{"index":"sEdXmcYvRyDm","template":"container","type":"visible","title":"Address","display_on_customization_page":"true","separate":"","priority":4},"me4oIYNARMBf":{"index":"me4oIYNARMBf","template":"field","title":"Address Line 1","type":"input-text","alias":"address1","values":"","required":false,"requiredMessage":"","validation":"","validationMessage":"","repeating":false,"titleCaption":"","fieldCaption":"","separate":""},"qj7ZCf0NFBdf":{"index":"qj7ZCf0NFBdf","template":"field","title":"Address Line 2","type":"input-text","alias":"address2","values":"","required":false,"requiredMessage":"","validation":"","validationMessage":"","repeating":false,"titleCaption":"","fieldCaption":"","separate":""},"THNibOoUbS90":{"index":"THNibOoUbS90","template":"field","title":"City","type":"input-text","alias":"city","values":"","required":false,"requiredMessage":"","validation":"","validationMessage":"","repeating":false,"titleCaption":"","fieldCaption":"","separate":""},"Knhgepu1erRR":{"index":"Knhgepu1erRR","template":"field","title":"State","type":"select-type","alias":"state","values":"alabama=&gt;Alabama\r\nalaska=&gt;Alaska\r\narizona=&gt;Arizona\r\narkansas=&gt;Arkansas\r\ncalifornia=&gt;California\r\ncolorado=&gt;Colorado\r\nconnecticut=&gt;Connecticut\r\ndelaware=&gt;Delaware\r\nflorida=&gt;Florida\r\ngeorgia=&gt;Georgia\r\nhawaii=&gt;Hawaii\r\nidaho=&gt;Idaho\r\nillinois=&gt;Illinois\r\nindiana=&gt;Indiana\r\niowa=&gt;Iowa\r\nkansas=&gt;Kansas\r\nkentucky=&gt;Kentucky\r\nlouisiana=&gt;Louisiana\r\nmaine=&gt;Maine\r\nmaryland=&gt;Maryland\r\nmassachusetts=&gt;Massachusetts\r\nmichigan=&gt;Michigan\r\nminnesota=&gt;Minnesota\r\nmississippi=&gt;Mississippi\r\nmissouri=&gt;Missouri\r\nmontana=&gt;Montana\r\nnebraska=&gt;Nebraska\r\nnevada=&gt;Nevada\r\nnew-hampshire=&gt;New Hampshire\r\nnew-jersey=&gt;New Jersey\r\nnew-mexico=&gt;New Mexico\r\nnew-york=&gt;New York\r\nnorth-carolina=&gt;North Carolina\r\nnorth-dakota=&gt;North Dakota\r\nohio=&gt;Ohio\r\noklahoma=&gt;Oklahoma\r\noregon=&gt;Oregon\r\npennsylvania=&gt;Pennsylvania\r\nrhode-island=&gt;Rhode Island\r\nsouth-carolina=&gt;South Carolina\r\nsouth-dakota=&gt;South Dakota\r\ntennessee=&gt;Tennessee\r\ntexas=&gt;Texas\r\nutah=&gt;Utah\r\nvermont=&gt;Vermont\r\nvirginia=&gt;Virginia\r\nwashington=&gt;Washington\r\nwest-virginia=&gt;West Virginia\r\nwisconsin=&gt;Wisconsin\r\nwyoming=&gt;Wyoming\r\n","required":null,"requiredMessage":"","validation":null,"validationMessage":"","repeating":false,"titleCaption":"","fieldCaption":"","separate":""},"luiIbBdiKrYT":{"index":"luiIbBdiKrYT","template":"field","title":"Zip Code","type":"input-text","alias":"zip-code","values":"","required":false,"requiredMessage":"","validation":"","validationMessage":"","repeating":false,"titleCaption":"","fieldCaption":"","separate":""},"fJvHtbigh8Hk":{"index":"fJvHtbigh8Hk","template":"container","type":"visible","title":"Email","display_on_customization_page":"true","separate":"","priority":5},"BtKcALSKqlcq":{"index":"BtKcALSKqlcq","template":"field","title":"Email Address","type":"input-text","alias":"email","values":"","required":false,"requiredMessage":"","validation":"email","validationMessage":"Please enter a valid email address","repeating":false,"titleCaption":"Use this shortcode to display an email link [email]","fieldCaption":"","separate":""},"uGiZLENYWnpx":{"index":"uGiZLENYWnpx","template":"field","title":"Email Address Text","type":"input-text","alias":"email-text","values":"","required":false,"requiredMessage":"","validation":"","validationMessage":"","repeating":false,"titleCaption":"This will be the link text displayed for your email address","fieldCaption":"","separate":""}}}