{"settings":{"page_id":1403292815,"title":"Google Maps","alias":"options-page","adminMenuTopItem":"current-theme","showPageTitle":true,"access":"edit_theme_options","pageDescription":"","icon":""},"sortOrder":{"XiCgLp1KPbbR":{"none":"none","cFOAHPTS6qor":{"none":"none","UAUdYGEGr6RO":"UAUdYGEGr6RO","Ce9lVyhxDgRB":"Ce9lVyhxDgRB"}}},"elements":{"none":"none","XiCgLp1KPbbR":{"index":"XiCgLp1KPbbR","template":"tab","title":"New Tab","separate":""},"cFOAHPTS6qor":{"index":"cFOAHPTS6qor","template":"container","type":"visible","title":"Google Map Information","display_on_customization_page":"true","separate":"","priority":1},"UAUdYGEGr6RO":{"index":"UAUdYGEGr6RO","template":"field","title":"Show Google Maps?","type":"radio-buttons","alias":"show-google-maps","values":"yes=&gt;Yes\r\nno=&gt;No\r\n","required":"true","requiredMessage":"","validation":null,"validationMessage":"","repeating":false,"titleCaption":"","fieldCaption":"","separate":""},"Ce9lVyhxDgRB":{"index":"Ce9lVyhxDgRB","template":"field","title":"Google Maps API Key","type":"input-text","alias":"google-maps-api","values":"","required":false,"requiredMessage":"","validation":"","validationMessage":"","repeating":false,"titleCaption":"","fieldCaption":"","separate":""}}}