{"settings":{"page_id":1403284307,"title":"Contact Info","alias":"contact-info","adminMenuTopItem":"current-theme","showPageTitle":true,"access":"edit_theme_options","pageDescription":"","icon":"custom-icon"},"sortOrder":{"bxcKe4G3Ns11":{"none":"none","qk4V7bXFpqQk":{"none":"none","jTcwfLvHV5IE":"jTcwfLvHV5IE"},"eb49rzQjqRde":{"none":"none","PaSq57rsWspL":"PaSq57rsWspL","tp1GYdkrl1em":"tp1GYdkrl1em"},"sEdXmcYvRyDm":{"none":"none","me4oIYNARMBf":"me4oIYNARMBf","qj7ZCf0NFBdf":"qj7ZCf0NFBdf","THNibOoUbS90":"THNibOoUbS90","Knhgepu1erRR":"Knhgepu1erRR","luiIbBdiKrYT":"luiIbBdiKrYT"},"fJvHtbigh8Hk":{"none":"none","BtKcALSKqlcq":"BtKcALSKqlcq","uGiZLENYWnpx":"uGiZLENYWnpx"}}},"elements":{"none":"none","bxcKe4G3Ns11":{"index":"bxcKe4G3Ns11","template":"tab","title":"Contact Info","separate":""},"qk4V7bXFpqQk":{"index":"qk4V7bXFpqQk","template":"container","type":"visible","title":"Company Name","display_on_customization_page":"true","separate":"","priority":1},"jTcwfLvHV5IE":{"index":"jTcwfLvHV5IE","template":"field","title":"Company Name","type":"input-text","alias":"company-name","values":"","required":false,"requiredMessage":"","validation":"","validationMessage":"","repeating":false,"titleCaption":"","fieldCaption":"","separate":""},"eb49rzQjqRde":{"index":"eb49rzQjqRde","template":"container","type":"visible","title":"Phone Numbers","display_on_customization_page":"true","separate":"","priority":2},"PaSq57rsWspL":{"index":"PaSq57rsWspL","template":"field","title":"Phone Number","type":"input-text","alias":"phone","values":"","required":false,"requiredMessage":"","validation":"","validationMessage":"","repeating":false,"titleCaption":"","fieldCaption":"","separate":""},"tp1GYdkrl1em":{"index":"tp1GYdkrl1em","template":"field","title":"Toll Free","type":"input-text","alias":"tollfree","values":"","required":false,"requiredMessage":"","validation":"","validationMessage":"","repeating":false,"titleCaption":"","fieldCaption":"","separate":""},"sEdXmcYvRyDm":{"index":"sEdXmcYvRyDm","template":"container","type":"visible","title":"Address","display_on_customization_page":"true","separate":"","priority":3},"me4oIYNARMBf":{"index":"me4oIYNARMBf","template":"field","title":"Address Line 1","type":"input-text","alias":"address1","values":"","required":false,"requiredMessage":"","validation":"","validationMessage":"","repeating":false,"titleCaption":"","fieldCaption":"","separate":""},"qj7ZCf0NFBdf":{"index":"qj7ZCf0NFBdf","template":"field","title":"Address Line 2","type":"input-text","alias":"address2","values":"","required":false,"requiredMessage":"","validation":"","validationMessage":"","repeating":false,"titleCaption":"","fieldCaption":"","separate":""},"THNibOoUbS90":{"index":"THNibOoUbS90","template":"field","title":"City","type":"input-text","alias":"city","values":"","required":false,"requiredMessage":"","validation":"","validationMessage":"","repeating":false,"titleCaption":"","fieldCaption":"","separate":""},"Knhgepu1erRR":{"index":"Knhgepu1erRR","template":"field","title":"State","type":"select-type","alias":"state","values":"alabama=&gt;Alabama\r\nalaska=&gt;Alaska\r\narizona=&gt;Arizona\r\narkansas=&gt;Arkansas\r\ncalifornia=&gt;California\r\ncolorado=&gt;Colorado\r\nconnecticut=&gt;Connecticut\r\ndelaware=&gt;Delaware\r\nflorida=&gt;Florida\r\ngeorgia=&gt;Georgia\r\nhawaii=&gt;Hawaii\r\nidaho=&gt;Idaho\r\nillinois=&gt;Illinois\r\nindiana=&gt;Indiana\r\niowa=&gt;Iowa\r\nkansas=&gt;Kansas\r\nkentucky=&gt;Kentucky\r\nlouisiana=&gt;Louisiana\r\nmaine=&gt;Maine\r\nmaryland=&gt;Maryland\r\nmassachusetts=&gt;Massachusetts\r\nmichigan=&gt;Michigan\r\nminnesota=&gt;Minnesota\r\nmississippi=&gt;Mississippi\r\nmissouri=&gt;Missouri\r\nmontana=&gt;Montana\r\nnebraska=&gt;Nebraska\r\nnevada=&gt;Nevada\r\nnew-hampshire=&gt;New Hampshire\r\nnew-jersey=&gt;New Jersey\r\nnew-mexico=&gt;New Mexico\r\nnew-york=&gt;New York\r\nnorth-carolina=&gt;North Carolina\r\nnorth-dakota=&gt;North Dakota\r\nohio=&gt;Ohio\r\noklahoma=&gt;Oklahoma\r\noregon=&gt;Oregon\r\npennsylvania=&gt;Pennsylvania\r\nrhode-island=&gt;Rhode Island\r\nsouth-carolina=&gt;South Carolina\r\nsouth-dakota=&gt;South Dakota\r\ntennessee=&gt;Tennessee\r\ntexas=&gt;Texas\r\nutah=&gt;Utah\r\nvermont=&gt;Vermont\r\nvirginia=&gt;Virginia\r\nwashington=&gt;Washington\r\nwest-virginia=&gt;West Virginia\r\nwisconsin=&gt;Wisconsin\r\nwyoming=&gt;Wyoming\r\n","required":null,"requiredMessage":"","validation":null,"validationMessage":"","repeating":false,"titleCaption":"","fieldCaption":"","separate":""},"luiIbBdiKrYT":{"index":"luiIbBdiKrYT","template":"field","title":"Zip Code","type":"input-text","alias":"zip-code","values":"","required":false,"requiredMessage":"","validation":"","validationMessage":"","repeating":false,"titleCaption":"","fieldCaption":"","separate":""},"fJvHtbigh8Hk":{"index":"fJvHtbigh8Hk","template":"container","type":"visible","title":"Email","display_on_customization_page":"true","separate":"","priority":4},"BtKcALSKqlcq":{"index":"BtKcALSKqlcq","template":"field","title":"Email Address","type":"input-text","alias":"email","values":"","required":false,"requiredMessage":"","validation":"email","validationMessage":"Please enter a valid email address","repeating":false,"titleCaption":"Use this shortcode to display an email link [email]","fieldCaption":"","separate":""},"uGiZLENYWnpx":{"index":"uGiZLENYWnpx","template":"field","title":"Email Address Text","type":"input-text","alias":"email-text","values":"","required":false,"requiredMessage":"","validation":"","validationMessage":"","repeating":false,"titleCaption":"This will be the link text displayed for your email address","fieldCaption":"","separate":""}}}