{"settings":{"page_id":1403285118,"title":"Social Media","alias":"social-media","adminMenuTopItem":"current-theme","showPageTitle":true,"access":"edit_theme_options","pageDescription":"","icon":""},"sortOrder":{"vTai0J8uaBzO":{"none":"none","dG0TnUY3ACy1":{"none":"none","Y7sETSpVz7E3":"Y7sETSpVz7E3","chjjViZvy6yO":"chjjViZvy6yO","8nEkz5q4SHIT":"8nEkz5q4SHIT","NqBX5agXLyHj":"NqBX5agXLyHj","HI0qhhYTmFmj":"HI0qhhYTmFmj","YyuQr2XJMYYw":"YyuQr2XJMYYw"}}},"elements":{"none":"none","vTai0J8uaBzO":{"index":"vTai0J8uaBzO","template":"tab","title":"New Tab","separate":""},"dG0TnUY3ACy1":{"index":"dG0TnUY3ACy1","template":"container","type":"visible","title":"Social Media","display_on_customization_page":"true","separate":"","priority":1},"Y7sETSpVz7E3":{"index":"Y7sETSpVz7E3","template":"field","title":"Show Socials?","type":"radio-buttons","alias":"show-socials","values":"yes=&gt;Yes\r\nno=&gt;No\r\n","required":"true","requiredMessage":"","validation":null,"validationMessage":"","repeating":false,"titleCaption":"","fieldCaption":"","separate":""},"chjjViZvy6yO":{"index":"chjjViZvy6yO","template":"field","title":"Facebook Profile URL","type":"input-text","alias":"facebook","values":"","required":false,"requiredMessage":"","validation":"url","validationMessage":"Please enter a valid URL","repeating":false,"titleCaption":"","fieldCaption":"","separate":""},"8nEkz5q4SHIT":{"index":"8nEkz5q4SHIT","template":"field","title":"Twitter","type":"input-text","alias":"twitter","values":"","required":false,"requiredMessage":"","validation":"url","validationMessage":"Please enter a valid URL","repeating":false,"titleCaption":"","fieldCaption":"","separate":""},"NqBX5agXLyHj":{"index":"NqBX5agXLyHj","template":"field","title":"Youtube","type":"input-text","alias":"youtube","values":"","required":false,"requiredMessage":"","validation":"url","validationMessage":"Please enter a valid URL","repeating":false,"titleCaption":"","fieldCaption":"","separate":""},"HI0qhhYTmFmj":{"index":"HI0qhhYTmFmj","template":"field","title":"Google+","type":"input-text","alias":"google","values":"","required":false,"requiredMessage":"","validation":"url","validationMessage":"Please enter a valid URL","repeating":false,"titleCaption":"","fieldCaption":"","separate":""},"YyuQr2XJMYYw":{"index":"YyuQr2XJMYYw","template":"field","title":"Show In","type":"radio-buttons","alias":"show-socials-in","values":"header=&gt;Header\r\nfooter=&gt;Footer\r\nboth=&gt;Both\r\n","required":false,"requiredMessage":"","validation":null,"validationMessage":"","repeating":false,"titleCaption":"","fieldCaption":"","separate":""}}}