{"settings":{"page_id":1403283988,"title":"Theme Options","alias":"theme-options","adminMenuTopItem":"current-theme","showPageTitle":true,"access":"edit_theme_options","pageDescription":"","icon":""},"sortOrder":{"aNo5QIi4kdLR":{"none":"none","aNHe7DgYir6X":{"none":"none","QaABgbTGnVaM":"QaABgbTGnVaM","a7gVjQ2O0YHK":"a7gVjQ2O0YHK"}}},"elements":{"none":"none","aNo5QIi4kdLR":{"index":"aNo5QIi4kdLR","template":"tab","title":"Logos","separate":""},"aNHe7DgYir6X":{"index":"aNHe7DgYir6X","template":"container","type":"visible","title":"New Container | invisible","display_on_customization_page":"true","separate":"","priority":1},"QaABgbTGnVaM":{"index":"QaABgbTGnVaM","template":"field","title":"Header Logo","type":"fileupload-type","alias":"header-logo","values":"","required":"Yes","requiredMessage":"","validation":null,"validationMessage":"","repeating":false,"titleCaption":"","fieldCaption":"","image_size":"","separate":""},"a7gVjQ2O0YHK":{"index":"a7gVjQ2O0YHK","template":"field","title":"Footer Logo","type":"fileupload-type","alias":"footer-logo","values":"","required":"Yes","requiredMessage":"","validation":null,"validationMessage":"","repeating":false,"titleCaption":"","fieldCaption":"","separate":""}}}