{"field_types":{"show-socials":"radio-buttons","facebook":"input-text","twitter":"input-text","youtube":"input-text","google":"input-text","show-socials-in":"radio-buttons","show-social-text":"radio-buttons"},"show-socials":"yes","facebook":"http:\/\/facebook.com","twitter":"http:\/\/twitter.com","youtube":"http:\/\/youtube.com","google":"https:\/\/plus.google.com\/1234567890\/posts","show-socials-in":"footer","show-social-text":"yes","index":"demo_social-media","ancestor_key":"","version_key":"id_l8z3raptx94swr4w","import_key":""}