{"field_types":{"company-name":"input-text","phone":"input-text","tollfree":"input-text","address1":"input-text","address2":"input-text","city":"input-text","state":"select-type","zip-code":"input-text","email":"input-text","email-text":"input-text"},"company-name":"Power Plant Media","phone":"719-266-2299","tollfree":"1-800-266-2299","address1":"26 S Tejon St","address2":"Suite 200","city":"Colorado Springs","state":"colorado","zip-code":"80903","email":"david.burgess@q2im.com","email-text":"Email Us","index":"demo_contact-info","ancestor_key":"","version_key":"id_l5wi26spzkgzln38k","import_key":""}