{"options-page":{"settings":{"page_id":1403292815,"title":"Google Maps","alias":"options-page","adminMenuTopItem":"current-theme","showPageTitle":true,"access":"edit_theme_options","pageDescription":"","icon":""},"sortOrder":{"XiCgLp1KPbbR":{"none":"none","cFOAHPTS6qor":{"none":"none","UAUdYGEGr6RO":"UAUdYGEGr6RO","Ce9lVyhxDgRB":"Ce9lVyhxDgRB"}}},"elements":{"none":"none","XiCgLp1KPbbR":{"index":"XiCgLp1KPbbR","template":"tab","title":"New Tab","separate":""},"cFOAHPTS6qor":{"index":"cFOAHPTS6qor","template":"container","type":"visible","title":"Google Map Information","display_on_customization_page":"true","separate":"","priority":1},"UAUdYGEGr6RO":{"index":"UAUdYGEGr6RO","template":"field","title":"Show Google Maps?","type":"radio-buttons","alias":"show-google-maps","values":"yes=&gt;Yes\r\nno=&gt;No\r\n","required":"true","requiredMessage":"","validation":null,"validationMessage":"","repeating":false,"titleCaption":"","fieldCaption":"","separate":""},"Ce9lVyhxDgRB":{"index":"Ce9lVyhxDgRB","template":"field","title":"Google Maps API Key","type":"input-text","alias":"google-maps-api","values":"","required":false,"requiredMessage":"","validation":"","validationMessage":"","repeating":false,"titleCaption":"","fieldCaption":"","separate":""}}},"options-page-1":{"settings":{"page_id":1403284307,"title":"Contact Info","alias":"options-page-1","adminMenuTopItem":"current-theme","showPageTitle":true,"access":"edit_theme_options","pageDescription":"","icon":""},"sortOrder":{"bxcKe4G3Ns11":{"none":"none","eb49rzQjqRde":{"none":"none","PaSq57rsWspL":"PaSq57rsWspL","tp1GYdkrl1em":"tp1GYdkrl1em"},"sEdXmcYvRyDm":{"none":"none","me4oIYNARMBf":"me4oIYNARMBf","qj7ZCf0NFBdf":"qj7ZCf0NFBdf","THNibOoUbS90":"THNibOoUbS90","Knhgepu1erRR":"Knhgepu1erRR"},"4gJ7pCdI5GKG":{"none":"none","JamGxooLZNqx":"JamGxooLZNqx"}}},"elements":{"none":"none","bxcKe4G3Ns11":{"index":"bxcKe4G3Ns11","template":"tab","title":"Contact Info","separate":""},"eb49rzQjqRde":{"index":"eb49rzQjqRde","template":"container","type":"visible","title":"Phone Numbers","display_on_customization_page":"true","separate":"","priority":1},"PaSq57rsWspL":{"index":"PaSq57rsWspL","template":"field","title":"Phone Number","type":"input-text","alias":"phone","values":"","required":false,"requiredMessage":"","validation":"","validationMessage":"","repeating":false,"titleCaption":"","fieldCaption":"","separate":""},"tp1GYdkrl1em":{"index":"tp1GYdkrl1em","template":"field","title":"Toll Free","type":"input-text","alias":"tollfree","values":"","required":false,"requiredMessage":"","validation":"","validationMessage":"","repeating":false,"titleCaption":"","fieldCaption":"","separate":""},"sEdXmcYvRyDm":{"index":"sEdXmcYvRyDm","template":"container","type":"visible","title":"Address","display_on_customization_page":"true","separate":"","priority":2},"me4oIYNARMBf":{"index":"me4oIYNARMBf","template":"field","title":"Address Line 1","type":"input-text","alias":"address1","values":"","required":false,"requiredMessage":"","validation":"","validationMessage":"","repeating":false,"titleCaption":"","fieldCaption":"","separate":""},"qj7ZCf0NFBdf":{"index":"qj7ZCf0NFBdf","template":"field","title":"Address Line 2","type":"input-text","alias":"address2","values":"","required":false,"requiredMessage":"","validation":"","validationMessage":"","repeating":false,"titleCaption":"","fieldCaption":"","separate":""},"THNibOoUbS90":{"index":"THNibOoUbS90","template":"field","title":"City","type":"input-text","alias":"city","values":"","required":false,"requiredMessage":"","validation":"","validationMessage":"","repeating":false,"titleCaption":"","fieldCaption":"","separate":""},"Knhgepu1erRR":{"index":"Knhgepu1erRR","template":"field","title":"State","type":"select-type","alias":"state","values":"alabama=&gt;Alabama\r\nalaska=&gt;Alaska\r\narizona=&gt;Arizona\r\narkansas=&gt;Arkansas\r\ncalifornia=&gt;California\r\ncolorado=&gt;Colorado\r\nconnecticut=&gt;Connecticut\r\ndelaware=&gt;Delaware\r\nflorida=&gt;Florida\r\ngeorgia=&gt;Georgia\r\nhawaii=&gt;Hawaii\r\nidaho=&gt;Idaho\r\nillinois=&gt;Illinois\r\nindiana=&gt;Indiana\r\niowa=&gt;Iowa\r\nkansas=&gt;Kansas\r\nkentucky=&gt;Kentucky\r\nlouisiana=&gt;Louisiana\r\nmaine=&gt;Maine\r\nmaryland=&gt;Maryland\r\nmassachusetts=&gt;Massachusetts\r\nmichigan=&gt;Michigan\r\nminnesota=&gt;Minnesota\r\nmississippi=&gt;Mississippi\r\nmissouri=&gt;Missouri\r\nmontana=&gt;Montana\r\nnebraska=&gt;Nebraska\r\nnevada=&gt;Nevada\r\nnew-hampshire=&gt;New Hampshire\r\nnew-jersey=&gt;New Jersey\r\nnew-mexico=&gt;New Mexico\r\nnew-york=&gt;New York\r\nnorth-carolina=&gt;North Carolina\r\nnorth-dakota=&gt;North Dakota\r\nohio=&gt;Ohio\r\noklahoma=&gt;Oklahoma\r\noregon=&gt;Oregon\r\npennsylvania=&gt;Pennsylvania\r\nrhode-island=&gt;Rhode Island\r\nsouth-carolina=&gt;South Carolina\r\nsouth-dakota=&gt;South Dakota\r\ntennessee=&gt;Tennessee\r\ntexas=&gt;Texas\r\nutah=&gt;Utah\r\nvermont=&gt;Vermont\r\nvirginia=&gt;Virginia\r\nwashington=&gt;Washington\r\nwest-virginia=&gt;West Virginia\r\nwisconsin=&gt;Wisconsin\r\nwyoming=&gt;Wyoming\r\n","required":null,"requiredMessage":"","validation":null,"validationMessage":"","repeating":false,"titleCaption":"","fieldCaption":"","separate":""},"4gJ7pCdI5GKG":{"index":"4gJ7pCdI5GKG","template":"container","type":"visible","title":"Map","display_on_customization_page":"true","separate":"","priority":3},"JamGxooLZNqx":{"index":"JamGxooLZNqx","template":"field","title":"Google Maps Iframe Code","type":"textarea-type","alias":"googlemaps","values":"","required":false,"requiredMessage":"","validation":null,"validationMessage":"","repeating":false,"titleCaption":"","fieldCaption":"Please enter the full iframe code from Google","cssClass":"googlemaps","separate":"none"}}},"contact-info":{"settings":{"page_id":1403284307,"title":"Contact Info","alias":"contact-info","adminMenuTopItem":"current-theme","showPageTitle":true,"access":"edit_theme_options","pageDescription":"","icon":"custom-icon"},"sortOrder":{"bxcKe4G3Ns11":{"none":"none","qk4V7bXFpqQk":{"none":"none","jTcwfLvHV5IE":"jTcwfLvHV5IE"},"eb49rzQjqRde":{"none":"none","PaSq57rsWspL":"PaSq57rsWspL","tp1GYdkrl1em":"tp1GYdkrl1em"},"sEdXmcYvRyDm":{"none":"none","me4oIYNARMBf":"me4oIYNARMBf","qj7ZCf0NFBdf":"qj7ZCf0NFBdf","THNibOoUbS90":"THNibOoUbS90","Knhgepu1erRR":"Knhgepu1erRR","luiIbBdiKrYT":"luiIbBdiKrYT"},"fJvHtbigh8Hk":{"none":"none","BtKcALSKqlcq":"BtKcALSKqlcq","uGiZLENYWnpx":"uGiZLENYWnpx"}}},"elements":{"none":"none","bxcKe4G3Ns11":{"index":"bxcKe4G3Ns11","template":"tab","title":"Contact Info","separate":""},"qk4V7bXFpqQk":{"index":"qk4V7bXFpqQk","template":"container","type":"visible","title":"Company Name","display_on_customization_page":"true","separate":"","priority":1},"jTcwfLvHV5IE":{"index":"jTcwfLvHV5IE","template":"field","title":"Company Name","type":"input-text","alias":"company-name","values":"","required":false,"requiredMessage":"","validation":"","validationMessage":"","repeating":false,"titleCaption":"","fieldCaption":"","separate":""},"eb49rzQjqRde":{"index":"eb49rzQjqRde","template":"container","type":"visible","title":"Phone Numbers","display_on_customization_page":"true","separate":"","priority":2},"PaSq57rsWspL":{"index":"PaSq57rsWspL","template":"field","title":"Phone Number","type":"input-text","alias":"phone","values":"","required":false,"requiredMessage":"","validation":"","validationMessage":"","repeating":false,"titleCaption":"","fieldCaption":"","separate":""},"tp1GYdkrl1em":{"index":"tp1GYdkrl1em","template":"field","title":"Toll Free","type":"input-text","alias":"tollfree","values":"","required":false,"requiredMessage":"","validation":"","validationMessage":"","repeating":false,"titleCaption":"","fieldCaption":"","separate":""},"sEdXmcYvRyDm":{"index":"sEdXmcYvRyDm","template":"container","type":"visible","title":"Address","display_on_customization_page":"true","separate":"","priority":3},"me4oIYNARMBf":{"index":"me4oIYNARMBf","template":"field","title":"Address Line 1","type":"input-text","alias":"address1","values":"","required":false,"requiredMessage":"","validation":"","validationMessage":"","repeating":false,"titleCaption":"","fieldCaption":"","separate":""},"qj7ZCf0NFBdf":{"index":"qj7ZCf0NFBdf","template":"field","title":"Address Line 2","type":"input-text","alias":"address2","values":"","required":false,"requiredMessage":"","validation":"","validationMessage":"","repeating":false,"titleCaption":"","fieldCaption":"","separate":""},"THNibOoUbS90":{"index":"THNibOoUbS90","template":"field","title":"City","type":"input-text","alias":"city","values":"","required":false,"requiredMessage":"","validation":"","validationMessage":"","repeating":false,"titleCaption":"","fieldCaption":"","separate":""},"Knhgepu1erRR":{"index":"Knhgepu1erRR","template":"field","title":"State","type":"select-type","alias":"state","values":"alabama=&gt;Alabama\r\nalaska=&gt;Alaska\r\narizona=&gt;Arizona\r\narkansas=&gt;Arkansas\r\ncalifornia=&gt;California\r\ncolorado=&gt;Colorado\r\nconnecticut=&gt;Connecticut\r\ndelaware=&gt;Delaware\r\nflorida=&gt;Florida\r\ngeorgia=&gt;Georgia\r\nhawaii=&gt;Hawaii\r\nidaho=&gt;Idaho\r\nillinois=&gt;Illinois\r\nindiana=&gt;Indiana\r\niowa=&gt;Iowa\r\nkansas=&gt;Kansas\r\nkentucky=&gt;Kentucky\r\nlouisiana=&gt;Louisiana\r\nmaine=&gt;Maine\r\nmaryland=&gt;Maryland\r\nmassachusetts=&gt;Massachusetts\r\nmichigan=&gt;Michigan\r\nminnesota=&gt;Minnesota\r\nmississippi=&gt;Mississippi\r\nmissouri=&gt;Missouri\r\nmontana=&gt;Montana\r\nnebraska=&gt;Nebraska\r\nnevada=&gt;Nevada\r\nnew-hampshire=&gt;New Hampshire\r\nnew-jersey=&gt;New Jersey\r\nnew-mexico=&gt;New Mexico\r\nnew-york=&gt;New York\r\nnorth-carolina=&gt;North Carolina\r\nnorth-dakota=&gt;North Dakota\r\nohio=&gt;Ohio\r\noklahoma=&gt;Oklahoma\r\noregon=&gt;Oregon\r\npennsylvania=&gt;Pennsylvania\r\nrhode-island=&gt;Rhode Island\r\nsouth-carolina=&gt;South Carolina\r\nsouth-dakota=&gt;South Dakota\r\ntennessee=&gt;Tennessee\r\ntexas=&gt;Texas\r\nutah=&gt;Utah\r\nvermont=&gt;Vermont\r\nvirginia=&gt;Virginia\r\nwashington=&gt;Washington\r\nwest-virginia=&gt;West Virginia\r\nwisconsin=&gt;Wisconsin\r\nwyoming=&gt;Wyoming\r\n","required":null,"requiredMessage":"","validation":null,"validationMessage":"","repeating":false,"titleCaption":"","fieldCaption":"","separate":""},"luiIbBdiKrYT":{"index":"luiIbBdiKrYT","template":"field","title":"Zip Code","type":"input-text","alias":"zip-code","values":"","required":false,"requiredMessage":"","validation":"","validationMessage":"","repeating":false,"titleCaption":"","fieldCaption":"","separate":""},"fJvHtbigh8Hk":{"index":"fJvHtbigh8Hk","template":"container","type":"visible","title":"Email","display_on_customization_page":"true","separate":"","priority":4},"BtKcALSKqlcq":{"index":"BtKcALSKqlcq","template":"field","title":"Email Address","type":"input-text","alias":"email","values":"","required":false,"requiredMessage":"","validation":"email","validationMessage":"Please enter a valid email address","repeating":false,"titleCaption":"Use this shortcode to display an email link [email]","fieldCaption":"","separate":""},"uGiZLENYWnpx":{"index":"uGiZLENYWnpx","template":"field","title":"Email Address Text","type":"input-text","alias":"email-text","values":"","required":false,"requiredMessage":"","validation":"","validationMessage":"","repeating":false,"titleCaption":"This will be the link text displayed for your email address","fieldCaption":"","separate":""}}},"them-options":{"settings":{"page_id":1403283988,"title":"Theme Options","alias":"them-options","adminMenuTopItem":"current-theme","showPageTitle":true,"access":"edit_theme_options","pageDescription":"","icon":""},"sortOrder":{"aNo5QIi4kdLR":{"none":"none","aNHe7DgYir6X":{"none":"none","QaABgbTGnVaM":"QaABgbTGnVaM","a7gVjQ2O0YHK":"a7gVjQ2O0YHK"}},"Kw7bGD2qGW5o":{"none":"none","uIzXQHwm68p4":{"none":"none","jUG5Akpdi2hk":"jUG5Akpdi2hk","OxOFFzcS8hGz":"OxOFFzcS8hGz","TqfWCA12XMrF":"TqfWCA12XMrF","bjo25ONz6KlK":"bjo25ONz6KlK"}}},"elements":{"none":"none","aNo5QIi4kdLR":{"index":"aNo5QIi4kdLR","template":"tab","title":"Logos","separate":""},"aNHe7DgYir6X":{"index":"aNHe7DgYir6X","template":"container","type":"visible","title":"New Container | invisible","display_on_customization_page":"true","separate":"","priority":1},"QaABgbTGnVaM":{"index":"QaABgbTGnVaM","template":"field","title":"Header Logo","type":"fileupload-type","alias":"header-logo","values":"","required":"Yes","requiredMessage":"","validation":null,"validationMessage":"","repeating":false,"titleCaption":"","fieldCaption":"","image_size":"","separate":""},"a7gVjQ2O0YHK":{"index":"a7gVjQ2O0YHK","template":"field","title":"Footer Logo","type":"fileupload-type","alias":"footer-logo","values":"","required":"Yes","requiredMessage":"","validation":null,"validationMessage":"","repeating":false,"titleCaption":"","fieldCaption":"","separate":""},"Kw7bGD2qGW5o":{"index":"Kw7bGD2qGW5o","template":"tab","title":"Social Media","separate":""},"uIzXQHwm68p4":{"index":"uIzXQHwm68p4","template":"container","type":"visible","title":"New Container | invisible","display_on_customization_page":"true","separate":"","priority":2},"jUG5Akpdi2hk":{"index":"jUG5Akpdi2hk","template":"field","title":"Facebook Profile URL","type":"input-text","alias":"facebook","values":"","required":false,"requiredMessage":"","validation":"url","validationMessage":"Please enter a valid URL","repeating":false,"titleCaption":"","fieldCaption":"","separate":""},"OxOFFzcS8hGz":{"index":"OxOFFzcS8hGz","template":"field","title":"Twitter Profile URL","type":"input-text","alias":"twitter","values":"","required":false,"requiredMessage":"","validation":"url","validationMessage":"Please enter a valid URL","repeating":false,"titleCaption":"","fieldCaption":"","separate":""},"TqfWCA12XMrF":{"index":"TqfWCA12XMrF","template":"field","title":"Youtube Profile URL","type":"input-text","alias":"youtube","values":"","required":false,"requiredMessage":"","validation":"url","validationMessage":"Please enter a valid URL","repeating":false,"titleCaption":"","fieldCaption":"","separate":""},"bjo25ONz6KlK":{"index":"bjo25ONz6KlK","template":"field","title":"Google+","type":"input-text","alias":"google","values":"","required":false,"requiredMessage":"","validation":"url","validationMessage":"Please enter a valid URL","repeating":false,"titleCaption":"","fieldCaption":"","separate":""}}},"theme-options":{"settings":{"page_id":1403283988,"title":"Theme Options","alias":"theme-options","adminMenuTopItem":"current-theme","showPageTitle":true,"access":"edit_theme_options","pageDescription":"","icon":""},"sortOrder":{"aNo5QIi4kdLR":{"none":"none","aNHe7DgYir6X":{"none":"none","QaABgbTGnVaM":"QaABgbTGnVaM","a7gVjQ2O0YHK":"a7gVjQ2O0YHK"}}},"elements":{"none":"none","aNo5QIi4kdLR":{"index":"aNo5QIi4kdLR","template":"tab","title":"Logos","separate":""},"aNHe7DgYir6X":{"index":"aNHe7DgYir6X","template":"container","type":"visible","title":"New Container | invisible","display_on_customization_page":"true","separate":"","priority":1},"QaABgbTGnVaM":{"index":"QaABgbTGnVaM","template":"field","title":"Header Logo","type":"fileupload-type","alias":"header-logo","values":"","required":"Yes","requiredMessage":"","validation":null,"validationMessage":"","repeating":false,"titleCaption":"","fieldCaption":"","image_size":"","separate":""},"a7gVjQ2O0YHK":{"index":"a7gVjQ2O0YHK","template":"field","title":"Footer Logo","type":"fileupload-type","alias":"footer-logo","values":"","required":"Yes","requiredMessage":"","validation":null,"validationMessage":"","repeating":false,"titleCaption":"","fieldCaption":"","separate":""}}},"social-media":{"settings":{"page_id":1403285118,"title":"Social Media","alias":"social-media","adminMenuTopItem":"current-theme","showPageTitle":true,"access":"edit_theme_options","pageDescription":"","icon":""},"sortOrder":{"vTai0J8uaBzO":{"none":"none","dG0TnUY3ACy1":{"none":"none","Y7sETSpVz7E3":"Y7sETSpVz7E3","chjjViZvy6yO":"chjjViZvy6yO","8nEkz5q4SHIT":"8nEkz5q4SHIT","NqBX5agXLyHj":"NqBX5agXLyHj","HI0qhhYTmFmj":"HI0qhhYTmFmj","YyuQr2XJMYYw":"YyuQr2XJMYYw"}}},"elements":{"none":"none","vTai0J8uaBzO":{"index":"vTai0J8uaBzO","template":"tab","title":"New Tab","separate":""},"dG0TnUY3ACy1":{"index":"dG0TnUY3ACy1","template":"container","type":"visible","title":"Social Media","display_on_customization_page":"true","separate":"","priority":1},"Y7sETSpVz7E3":{"index":"Y7sETSpVz7E3","template":"field","title":"Show Socials?","type":"radio-buttons","alias":"show-socials","values":"yes=&gt;Yes\r\nno=&gt;No\r\n","required":"true","requiredMessage":"","validation":null,"validationMessage":"","repeating":false,"titleCaption":"","fieldCaption":"","separate":""},"chjjViZvy6yO":{"index":"chjjViZvy6yO","template":"field","title":"Facebook Profile URL","type":"input-text","alias":"facebook","values":"","required":false,"requiredMessage":"","validation":"url","validationMessage":"Please enter a valid URL","repeating":false,"titleCaption":"","fieldCaption":"","separate":""},"8nEkz5q4SHIT":{"index":"8nEkz5q4SHIT","template":"field","title":"Twitter","type":"input-text","alias":"twitter","values":"","required":false,"requiredMessage":"","validation":"url","validationMessage":"Please enter a valid URL","repeating":false,"titleCaption":"","fieldCaption":"","separate":""},"NqBX5agXLyHj":{"index":"NqBX5agXLyHj","template":"field","title":"Youtube","type":"input-text","alias":"youtube","values":"","required":false,"requiredMessage":"","validation":"url","validationMessage":"Please enter a valid URL","repeating":false,"titleCaption":"","fieldCaption":"","separate":""},"HI0qhhYTmFmj":{"index":"HI0qhhYTmFmj","template":"field","title":"Google+","type":"input-text","alias":"google","values":"","required":false,"requiredMessage":"","validation":"url","validationMessage":"Please enter a valid URL","repeating":false,"titleCaption":"","fieldCaption":"","separate":""},"YyuQr2XJMYYw":{"index":"YyuQr2XJMYYw","template":"field","title":"Show In","type":"radio-buttons","alias":"show-socials-in","values":"header=&gt;Header\r\nfooter=&gt;Footer\r\nboth=&gt;Both\r\n","required":false,"requiredMessage":"","validation":null,"validationMessage":"","repeating":false,"titleCaption":"","fieldCaption":"","separate":""}}},"stars":{"settings":{"page_id":1403299557,"title":"New Form","alias":"stars","adminMenuTopItem":"current-theme","showPageTitle":true,"access":"edit_theme_options","pageDescription":"","icon":""},"sortOrder":{"a59f8OA06xjY":{"none":"none","qpaZRuWqkOrS":{"none":"none","LhmLTX9kZSiC":"LhmLTX9kZSiC"}}},"elements":{"none":"none","a59f8OA06xjY":{"index":"a59f8OA06xjY","template":"tab","title":"New Tab","separate":""},"qpaZRuWqkOrS":{"index":"qpaZRuWqkOrS","template":"container","type":"invisible","title":"New Container | invisible","display_on_customization_page":false,"separate":"","priority":1},"LhmLTX9kZSiC":{"index":"LhmLTX9kZSiC","template":"field","title":"Stars","type":"select-type","alias":"stars","values":"5=>5\r\n4=>4\r\n3=>3\r\n2=>2\r\n1=>1\r\n","required":null,"requiredMessage":"","validation":null,"validationMessage":"","repeating":false,"titleCaption":"","fieldCaption":"","separate":""}}}}