{"settings":{"headers":"true","footers":"true","other-options":"true","grid-structure":"custom","design-width":"1200","columns":"12","margins":"50","row-class":"row-fluid","column-class-format":"span#","min-column-size":"2","content-source-pages":"true","content-source-testimonials":"true","content-source-static_block":"true"},"headers-options":{"settings":{"page_id":1374630360,"title":"New Form","alias":"headers","adminMenuTopItem":"current-theme","showPageTitle":true,"access":"edit_theme_options","pageDescription":"","icon":""},"sortOrder":{"qTPMBcGhQjYs":{"none":"none","rBsd3r8AEieg":{"none":"none","8y5sDQ3cYFGj":"8y5sDQ3cYFGj","ogUEhMiWPU3v":"ogUEhMiWPU3v"},"h79teaySBvUM":{"none":"none","rB3e6OpoIhbe":"rB3e6OpoIhbe","N2ELAeSJbvSe":"N2ELAeSJbvSe","P3tx8LtTEWpe":"P3tx8LtTEWpe","IuoxYHRewmFy":"IuoxYHRewmFy","wrrXCPT4c1eU":"wrrXCPT4c1eU","P9yelROCTPtU":"P9yelROCTPtU","YnIOW0xUsMfE":"YnIOW0xUsMfE","XneAYnL5jWbp":"XneAYnL5jWbp","7GXIIKSDBOyP":"7GXIIKSDBOyP"},"toFXuCafnfWS":{"none":"none","wMgvydokZDtS":"wMgvydokZDtS","jBkukVeGQl3K":"jBkukVeGQl3K","1pYYcFWTo6JV":"1pYYcFWTo6JV"},"o3R9EFBpQmLT":{"none":"none","SHcEjJbRNyWa":"SHcEjJbRNyWa","dtXjeMkgW5Rq":"dtXjeMkgW5Rq","AtYywxlMsWmX":"AtYywxlMsWmX","QUq313ho0S69":"QUq313ho0S69"},"1WjSv5kmVJ0G":{"none":"none","YDQw5GPMx4Q3":"YDQw5GPMx4Q3"}}},"elements":{"none":"none","qTPMBcGhQjYs":{"index":"qTPMBcGhQjYs","template":"tab","title":"Default tab","separate":""},"rBsd3r8AEieg":{"index":"rBsd3r8AEieg","template":"container","type":"invisible","title":"Content","display_on_customization_page":false,"separate":"","priority":1},"8y5sDQ3cYFGj":{"index":"8y5sDQ3cYFGj","template":"field","title":"Content Source 1","type":"select-type","alias":"header-content","values":"default=>Default\r\n","required":null,"requiredMessage":"","titleCaption":"","fieldCaption":"Select a source for the primary header content.","validation":null,"separate":""},"ogUEhMiWPU3v":{"index":"ogUEhMiWPU3v","template":"field","title":"Content Source 2","type":"select-type","alias":"header-content-2","values":"default=>Default\r\n","required":null,"requiredMessage":"","titleCaption":"","fieldCaption":"Select a source for the secondary header content.","validation":null,"separate":""},"h79teaySBvUM":{"index":"h79teaySBvUM","template":"container","type":"invisible","title":"Masthead Area","display_on_customization_page":false,"separate":"","priority":2},"rB3e6OpoIhbe":{"index":"rB3e6OpoIhbe","template":"field","title":"Alternate Logo","type":"fileupload-type","alias":"header-alternate-logo","values":"","required":false,"requiredMessage":"","titleCaption":"","fieldCaption":"Override default logo.","validation":null,"separate":""},"N2ELAeSJbvSe":{"index":"N2ELAeSJbvSe","template":"field","title":"Image Width","type":"input-text","alias":"header-alternate-logo-width","values":"","required":false,"requiredMessage":"","validation":"num_only","validationMessage":"","repeating":false,"titleCaption":"","fieldCaption":"Optionally specify the image width. Set to half the actual image size for Hi-DPI devices.","separate":""},"P3tx8LtTEWpe":{"index":"P3tx8LtTEWpe","template":"field","title":"Masthead Background","type":"colorpicker-type","alias":"masthead-background-color","values":"","required":false,"requiredMessage":"","titleCaption":"","fieldCaption":"Background color of masthead (above the menu).","validation":null,"separate":""},"IuoxYHRewmFy":{"index":"IuoxYHRewmFy","template":"field","title":"","type":"fileupload-type","alias":"masthead-background-image","values":"","required":false,"requiredMessage":"","titleCaption":"","fieldCaption":"Masthead background image. To override default setting with no image enter the text \"none\".","validation":null,"separate":""},"wrrXCPT4c1eU":{"index":"wrrXCPT4c1eU","template":"field","title":"","type":"select-type","alias":"masthead-background-repeat","values":"cover=>Cover\r\ncontain=>Contain\r\nno-repeat=>No Repeat\r\nrepeat=>Repeat\r\nrepeat-x=>Repeat Horizontally\r\nrepeat-y=>Repeat Vertically\r\n","required":null,"requiredMessage":"","titleCaption":"","fieldCaption":"Masthead background appearance.","validation":null,"separate":""},"P9yelROCTPtU":{"index":"P9yelROCTPtU","template":"field","title":"","type":"select-type","alias":"masthead-background-position","values":"left=>Left\r\nright=>Right\r\ncenter=>Centered\r\n","required":null,"requiredMessage":"","titleCaption":"","fieldCaption":"Masthead background position.","validation":null,"separate":""},"YnIOW0xUsMfE":{"index":"YnIOW0xUsMfE","template":"field","title":"Masthead Gradient Overlay","type":"select-type","alias":"masthead-gradient-top-opacity","values":"=>\r\n1=>100\r\n.9=>90\r\n.8=>80\r\n.7=>70\r\n.6=>60\r\n.5=>50\r\n.4=>40\r\n.3=>30\r\n.2=>20\r\n.1=>10\r\nzero=>0\r\n","required":null,"requiredMessage":"","validation":null,"validationMessage":"","titleCaption":"","fieldCaption":"Top Gradient - Opacity of the gradient at the masthead top (vertical mastheads only).","separate":""},"XneAYnL5jWbp":{"index":"XneAYnL5jWbp","template":"field","title":"","type":"select-type","alias":"masthead-gradient-bottom-opacity","values":"=>\r\n1=>100\r\n.9=>90\r\n.8=>80\r\n.7=>70\r\n.6=>60\r\n.5=>50\r\n.4=>40\r\n.3=>30\r\n.2=>20\r\n.1=>10\r\nzero=>0\r\n","required":null,"requiredMessage":"","validation":null,"validationMessage":"","titleCaption":"","fieldCaption":"Bottom Gradient - Opacity of the gradient at the masthead top (vertical mastheads only).","separate":""},"7GXIIKSDBOyP":{"index":"7GXIIKSDBOyP","template":"field","title":"Vertical Masthead Size","type":"select-type","alias":"masthead-size","values":"=>\r\nv-masthead-small=>Small\r\nv-masthead-medium=>Medium\r\nv-masthead-large=>Large\r\n","required":null,"requiredMessage":"","validation":null,"validationMessage":"","repeating":false,"titleCaption":"","fieldCaption":"Only applies to layout styles with masthead left or right.","separate":""},"toFXuCafnfWS":{"index":"toFXuCafnfWS","template":"container","type":"invisible","title":"Main Menu","display_on_customization_page":false,"separate":"","priority":3},"wMgvydokZDtS":{"index":"wMgvydokZDtS","template":"field","title":"Navigation Menu","type":"select-type","alias":"wp-menus","values":"''=>''\r\n","required":null,"requiredMessage":"","validation":null,"validationMessage":"","repeating":false,"titleCaption":"","fieldCaption":"Optional. Choose an alternate navigation menu.","separate":""},"jBkukVeGQl3K":{"index":"jBkukVeGQl3K","template":"field","title":"Menu Text Color","type":"colorpicker-type","alias":"menu-font-color","values":"","required":false,"requiredMessage":"","titleCaption":"","fieldCaption":"","validation":null,"separate":""},"1pYYcFWTo6JV":{"index":"1pYYcFWTo6JV","template":"field","title":"Active Item Text Color","type":"colorpicker-type","alias":"menu-active-color","values":"","required":false,"requiredMessage":"","titleCaption":"","fieldCaption":"","validation":null,"separate":""},"o3R9EFBpQmLT":{"index":"o3R9EFBpQmLT","template":"container","type":"invisible","title":"Header Area","display_on_customization_page":false,"separate":"","priority":4},"SHcEjJbRNyWa":{"index":"SHcEjJbRNyWa","template":"field","title":"Header Background","type":"colorpicker-type","alias":"header-background-color","values":"","required":false,"requiredMessage":"","titleCaption":"","fieldCaption":"Background color of header (below the menu).","validation":null,"separate":""},"dtXjeMkgW5Rq":{"index":"dtXjeMkgW5Rq","template":"field","title":"","type":"fileupload-type","alias":"header-background-image","values":"","required":false,"requiredMessage":"","titleCaption":"","fieldCaption":"Header background image.","validation":null,"separate":""},"AtYywxlMsWmX":{"index":"AtYywxlMsWmX","template":"field","title":"","type":"select-type","alias":"header-background-repeat","values":"no-repeat=>No Repeat\r\nrepeat=>Repeat\r\nrepeat-x=>Repeat Horizontally\r\nrepeat-y=>Repeat Vertically\r\n","required":null,"requiredMessage":"","titleCaption":"","fieldCaption":"Header background repeat.","validation":null,"separate":""},"QUq313ho0S69":{"index":"QUq313ho0S69","template":"field","title":"","type":"select-type","alias":"header-background-position","values":"left=>Left\r\nright=>Right\r\ncenter=>Centered\r\n","required":null,"requiredMessage":"","titleCaption":"","fieldCaption":"Header background position.","validation":null,"separate":""},"1WjSv5kmVJ0G":{"index":"1WjSv5kmVJ0G","template":"container","type":"invisible","title":"Breadcrumbs","display_on_customization_page":false,"separate":"","priority":5},"YDQw5GPMx4Q3":{"index":"YDQw5GPMx4Q3","template":"field","title":"Show the breadcrumbs","type":"select-type","alias":"header-breadcrumbs","values":"=>\r\ntrue=>Yes\r\nfalse=>No\r\n","required":null,"requiredMessage":"","validation":null,"validationMessage":"","titleCaption":"","fieldCaption":"","separate":""}}},"headers":{"home-page":{"title":"Home Page","alias":"home-page","custom_options":{"_framework":{"field_types":{"header-content":"select-type","header-content-2":"select-type","header-alternate-logo":"fileupload-type","header-alternate-logo-width":"input-text","masthead-background-color":"colorpicker-type","masthead-background-image":"fileupload-type","masthead-background-repeat":"select-type","masthead-background-position":"select-type","masthead-gradient-top-opacity":"select-type","masthead-gradient-bottom-opacity":"select-type","wp-menus":"select-type","menu-font-color":"colorpicker-type","menu-active-color":"colorpicker-type","header-background-color":"colorpicker-type","header-background-image":"fileupload-type","header-background-repeat":"select-type","header-background-position":"select-type","header-breadcrumbs":"select-type"},"header-content":"slide-show@RevSlider:home-page","header-content-2":"default@default","header-alternate-logo":"","header-alternate-logo-width":"","masthead-background-color":"#","masthead-background-image":"","masthead-background-repeat":"no-repeat","masthead-background-position":"center","masthead-gradient-top-opacity":"","masthead-gradient-bottom-opacity":"","wp-menus":"","menu-font-color":"#","menu-active-color":"#","header-background-color":"#","header-background-image":"","header-background-repeat":"no-repeat","header-background-position":"left","header-breadcrumbs":"","index":"layout_header_home-page","ancestor_key":"","version_key":"","import_key":""},"_framework_saved":[],"_other":[],"_default":[]}},"default":{"title":"Default","alias":"default","custom_options":{"_framework":{"field_types":{"header-content":"select-type","header-content-2":"select-type","header-alternate-logo":"fileupload-type","header-alternate-logo-width":"input-text","masthead-background-color":"colorpicker-type","masthead-background-image":"fileupload-type","masthead-background-repeat":"select-type","masthead-background-position":"select-type","masthead-gradient-top-opacity":"select-type","masthead-gradient-bottom-opacity":"select-type","masthead-size":"select-type","wp-menus":"select-type","menu-font-color":"colorpicker-type","menu-active-color":"colorpicker-type","header-background-color":"colorpicker-type","header-background-image":"fileupload-type","header-background-repeat":"select-type","header-background-position":"select-type","header-breadcrumbs":"select-type"},"header-content":"default@default","header-content-2":"default@default","header-alternate-logo":"","header-alternate-logo-width":"","masthead-background-color":"#","masthead-background-image":"","masthead-background-repeat":"no-repeat","masthead-background-position":"left","masthead-gradient-top-opacity":"","masthead-gradient-bottom-opacity":"","masthead-size":"","wp-menus":"","menu-font-color":"#","menu-active-color":"#","header-background-color":"#","header-background-image":"","header-background-repeat":"no-repeat","header-background-position":"left","header-breadcrumbs":"","index":"layout_header_default","ancestor_key":"","version_key":"","import_key":""},"_framework_saved":[],"_other":[],"_default":[]}},"blog":{"title":"Blog","alias":"blog","custom_options":{"_framework":{"field_types":{"header-content":"select-type","header-content-2":"select-type","header-alternate-logo":"fileupload-type","header-alternate-logo-width":"input-text","masthead-background-color":"colorpicker-type","masthead-background-image":"fileupload-type","masthead-background-repeat":"select-type","masthead-background-position":"select-type","masthead-gradient-top-opacity":"select-type","masthead-gradient-bottom-opacity":"select-type","masthead-size":"select-type","wp-menus":"select-type","menu-font-color":"colorpicker-type","menu-active-color":"colorpicker-type","header-background-color":"colorpicker-type","header-background-image":"fileupload-type","header-background-repeat":"select-type","header-background-position":"select-type","header-breadcrumbs":"select-type"},"header-content":"default@default","header-content-2":"default@default","header-alternate-logo":"","header-alternate-logo-width":"","masthead-background-color":"#525252","masthead-background-image":"http:\/\/para.llel.us\/themes\/vellum-wp\/wp-content\/uploads\/2014\/02\/mastead-vertical-bg-notebook.jpg","masthead-background-repeat":"cover","masthead-background-position":"right","masthead-gradient-top-opacity":".3","masthead-gradient-bottom-opacity":"zero","masthead-size":"","wp-menus":"","menu-font-color":"#","menu-active-color":"#","header-background-color":"#","header-background-image":"","header-background-repeat":"no-repeat","header-background-position":"left","header-breadcrumbs":"false","index":"layout_header_blog","ancestor_key":"","version_key":"","import_key":""},"_framework_saved":[],"_other":[],"_default":[]}},"simple-solid-color-masthead":{"title":"Simple (purple background)","alias":"simple-solid-color-masthead","custom_options":{"_framework":{"field_types":{"header-content":"select-type","header-content-2":"select-type","header-alternate-logo":"fileupload-type","header-alternate-logo-width":"input-text","masthead-background-color":"colorpicker-type","masthead-background-image":"fileupload-type","masthead-background-repeat":"select-type","masthead-background-position":"select-type","masthead-gradient-top-opacity":"select-type","masthead-gradient-bottom-opacity":"select-type","wp-menus":"select-type","menu-font-color":"colorpicker-type","menu-active-color":"colorpicker-type","header-background-color":"colorpicker-type","header-background-image":"fileupload-type","header-background-repeat":"select-type","header-background-position":"select-type","header-breadcrumbs":"select-type"},"header-content":"default@default","header-content-2":"default@default","header-alternate-logo":"http:\/\/para.llel.us\/themes\/vellum-wp\/wp-content\/uploads\/2014\/01\/logo-2.png","header-alternate-logo-width":"115","masthead-background-color":"#b163a3","masthead-background-image":"none","masthead-background-repeat":"cover","masthead-background-position":"left","masthead-gradient-top-opacity":"zero","masthead-gradient-bottom-opacity":"zero","wp-menus":"","menu-font-color":"#f1e2ee","menu-active-color":"#","header-background-color":"#","header-background-image":"","header-background-repeat":"no-repeat","header-background-position":"left","header-breadcrumbs":"","index":"layout_header_simple-solid-color-masthead","ancestor_key":"","version_key":"","import_key":""},"_framework_saved":[],"_other":[],"_default":[]}},"simple-green-background":{"title":"Simple (green background)","alias":"simple-green-background","custom_options":{"_framework":{"field_types":{"header-content":"select-type","header-content-2":"select-type","header-alternate-logo":"fileupload-type","header-alternate-logo-width":"input-text","masthead-background-color":"colorpicker-type","masthead-background-image":"fileupload-type","masthead-background-repeat":"select-type","masthead-background-position":"select-type","masthead-gradient-top-opacity":"select-type","masthead-gradient-bottom-opacity":"select-type","wp-menus":"select-type","menu-font-color":"colorpicker-type","menu-active-color":"colorpicker-type","header-background-color":"colorpicker-type","header-background-image":"fileupload-type","header-background-repeat":"select-type","header-background-position":"select-type","header-breadcrumbs":"select-type"},"header-content":"default@default","header-content-2":"default@default","header-alternate-logo":"http:\/\/para.llel.us\/themes\/vellum-wp\/wp-content\/uploads\/2014\/01\/logo-2-alt-2.png","header-alternate-logo-width":"130","masthead-background-color":"#169c78","masthead-background-image":"none","masthead-background-repeat":"cover","masthead-background-position":"left","masthead-gradient-top-opacity":"zero","masthead-gradient-bottom-opacity":"zero","wp-menus":"","menu-font-color":"#c1e6dc","menu-active-color":"#","header-background-color":"#","header-background-image":"","header-background-repeat":"no-repeat","header-background-position":"left","header-breadcrumbs":"","index":"layout_header_simple-green-background","ancestor_key":"","version_key":"","import_key":""},"_framework_saved":[],"_other":[],"_default":[]}},"simple-dark-gray-background":{"title":"Simple (dark gray background)","alias":"simple-dark-gray-background","custom_options":{"_framework":{"field_types":{"header-content":"select-type","header-content-2":"select-type","header-alternate-logo":"fileupload-type","header-alternate-logo-width":"input-text","masthead-background-color":"colorpicker-type","masthead-background-image":"fileupload-type","masthead-background-repeat":"select-type","masthead-background-position":"select-type","masthead-gradient-top-opacity":"select-type","masthead-gradient-bottom-opacity":"select-type","wp-menus":"select-type","menu-font-color":"colorpicker-type","menu-active-color":"colorpicker-type","header-background-color":"colorpicker-type","header-background-image":"fileupload-type","header-background-repeat":"select-type","header-background-position":"select-type","header-breadcrumbs":"select-type"},"header-content":"default@default","header-content-2":"default@default","header-alternate-logo":"http:\/\/para.llel.us\/themes\/vellum-wp\/wp-content\/uploads\/2014\/01\/logo-3.png","header-alternate-logo-width":"130","masthead-background-color":"#767472","masthead-background-image":"none","masthead-background-repeat":"cover","masthead-background-position":"left","masthead-gradient-top-opacity":"zero","masthead-gradient-bottom-opacity":".2","wp-menus":"","menu-font-color":"#e0e0df","menu-active-color":"#","header-background-color":"#","header-background-image":"","header-background-repeat":"no-repeat","header-background-position":"left","header-breadcrumbs":"","index":"layout_header_simple-dark-gray-background","ancestor_key":"","version_key":"","import_key":""},"_framework_saved":[],"_other":[],"_default":[]}},"simple-white-background":{"title":"Simple (white background)","alias":"simple-white-background","custom_options":{"_framework":{"field_types":{"header-content":"select-type","header-content-2":"select-type","header-alternate-logo":"fileupload-type","header-alternate-logo-width":"input-text","masthead-background-color":"colorpicker-type","masthead-background-image":"fileupload-type","masthead-background-repeat":"select-type","masthead-background-position":"select-type","masthead-gradient-top-opacity":"select-type","masthead-gradient-bottom-opacity":"select-type","wp-menus":"select-type","menu-font-color":"colorpicker-type","menu-active-color":"colorpicker-type","header-background-color":"colorpicker-type","header-background-image":"fileupload-type","header-background-repeat":"select-type","header-background-position":"select-type","header-breadcrumbs":"select-type"},"header-content":"default@default","header-content-2":"default@default","header-alternate-logo":"http:\/\/para.llel.us\/themes\/vellum-wp\/wp-content\/uploads\/2014\/01\/logo-3-alt-3.png","header-alternate-logo-width":"130","masthead-background-color":"#ffffff","masthead-background-image":"none","masthead-background-repeat":"cover","masthead-background-position":"left","masthead-gradient-top-opacity":"zero","masthead-gradient-bottom-opacity":"zero","wp-menus":"","menu-font-color":"#666666","menu-active-color":"#393939","header-background-color":"#","header-background-image":"","header-background-repeat":"no-repeat","header-background-position":"left","header-breadcrumbs":"","index":"layout_header_simple-white-background","ancestor_key":"","version_key":"","import_key":""},"_framework_saved":[],"_other":[],"_default":[]}},"portfolio":{"title":"Portfolio","alias":"portfolio","custom_options":{"_framework":{"field_types":{"header-content":"select-type","header-content-2":"select-type","header-alternate-logo":"fileupload-type","header-alternate-logo-width":"input-text","masthead-background-color":"colorpicker-type","masthead-background-image":"fileupload-type","masthead-background-repeat":"select-type","masthead-background-position":"select-type","masthead-gradient-top-opacity":"select-type","masthead-gradient-bottom-opacity":"select-type","wp-menus":"select-type","menu-font-color":"colorpicker-type","menu-active-color":"colorpicker-type","header-background-color":"colorpicker-type","header-background-image":"fileupload-type","header-background-repeat":"select-type","header-background-position":"select-type","header-breadcrumbs":"select-type"},"header-content":"default@default","header-content-2":"default@default","header-alternate-logo":"http:\/\/para.llel.us\/themes\/vellum-wp\/wp-content\/uploads\/2014\/01\/logo-3-alt-1.png","header-alternate-logo-width":"110","masthead-background-color":"#a9a9a9","masthead-background-image":"http:\/\/para.llel.us\/themes\/vellum-wp\/wp-content\/uploads\/2014\/01\/mastead-vertical-bg-camera.jpg","masthead-background-repeat":"cover","masthead-background-position":"right","masthead-gradient-top-opacity":"zero","masthead-gradient-bottom-opacity":"","wp-menus":"","menu-font-color":"#494949","menu-active-color":"#000000","header-background-color":"#","header-background-image":"","header-background-repeat":"no-repeat","header-background-position":"left","header-breadcrumbs":"","index":"layout_header_portfolio","ancestor_key":"","version_key":"","import_key":""},"_framework_saved":[],"_other":[],"_default":[]}},"support-header":{"title":"Support Header","alias":"support-header","custom_options":{"_framework":{"field_types":{"header-content":"select-type","header-content-2":"select-type","header-alternate-logo":"fileupload-type","header-alternate-logo-width":"input-text","masthead-background-color":"colorpicker-type","masthead-background-image":"fileupload-type","masthead-background-repeat":"select-type","masthead-background-position":"select-type","masthead-gradient-top-opacity":"select-type","masthead-gradient-bottom-opacity":"select-type","wp-menus":"select-type","menu-font-color":"colorpicker-type","menu-active-color":"colorpicker-type","header-background-color":"colorpicker-type","header-background-image":"fileupload-type","header-background-repeat":"select-type","header-background-position":"select-type","header-breadcrumbs":"select-type"},"header-content":"slide-show@RevSlider:support-header","header-content-2":"default@default","header-alternate-logo":"http:\/\/para.llel.us\/themes\/vellum-wp\/wp-content\/uploads\/2014\/01\/logo-2-alt-2.png","header-alternate-logo-width":"115","masthead-background-color":"#4B3D58","masthead-background-image":"none","masthead-background-repeat":"cover","masthead-background-position":"left","masthead-gradient-top-opacity":"","masthead-gradient-bottom-opacity":"","wp-menus":"","menu-font-color":"#ffffff","menu-active-color":"#ffffff","header-background-color":"#","header-background-image":"","header-background-repeat":"no-repeat","header-background-position":"left","header-breadcrumbs":"true","index":"layout_header_support-header","ancestor_key":"","version_key":"","import_key":""},"_framework_saved":[],"_other":[],"_default":[]}},"corporate":{"title":"Corporate","alias":"corporate","custom_options":{"_framework":{"field_types":{"header-content":"select-type","header-content-2":"select-type","header-alternate-logo":"fileupload-type","header-alternate-logo-width":"input-text","masthead-background-color":"colorpicker-type","masthead-background-image":"fileupload-type","masthead-background-repeat":"select-type","masthead-background-position":"select-type","masthead-gradient-top-opacity":"select-type","masthead-gradient-bottom-opacity":"select-type","wp-menus":"select-type","menu-font-color":"colorpicker-type","menu-active-color":"colorpicker-type","header-background-color":"colorpicker-type","header-background-image":"fileupload-type","header-background-repeat":"select-type","header-background-position":"select-type","header-breadcrumbs":"select-type"},"header-content":"default@default","header-content-2":"default@default","header-alternate-logo":"http:\/\/para.llel.us\/themes\/vellum-wp\/wp-content\/uploads\/2014\/01\/logo-alt-5.png","header-alternate-logo-width":"130","masthead-background-color":"#0d5fa5","masthead-background-image":"none","masthead-background-repeat":"cover","masthead-background-position":"center","masthead-gradient-top-opacity":"zero","masthead-gradient-bottom-opacity":"zero","wp-menus":"","menu-font-color":"#","menu-active-color":"#","header-background-color":"#","header-background-image":"","header-background-repeat":"no-repeat","header-background-position":"left","header-breadcrumbs":"true","index":"layout_header_corporate","ancestor_key":"","version_key":"","import_key":""},"_framework_saved":[],"_other":[],"_default":[]}},"page-header":{"alias":"page-header","title":"Page Header"},"page-header-alternate-1":{"title":"Page Header (alternate 1)","alias":"page-header-alternate-1","custom_options":{"_framework":{"field_types":{"header-content":"select-type","header-content-2":"select-type","header-alternate-logo":"fileupload-type","header-alternate-logo-width":"input-text","masthead-background-color":"colorpicker-type","masthead-background-image":"fileupload-type","masthead-background-repeat":"select-type","masthead-background-position":"select-type","masthead-gradient-top-opacity":"select-type","masthead-gradient-bottom-opacity":"select-type","wp-menus":"select-type","menu-font-color":"colorpicker-type","menu-active-color":"colorpicker-type","header-background-color":"colorpicker-type","header-background-image":"fileupload-type","header-background-repeat":"select-type","header-background-position":"select-type","header-breadcrumbs":"select-type"},"header-content":"default@default","header-content-2":"default@default","header-alternate-logo":"http:\/\/para.llel.us\/themes\/vellum-wp\/wp-content\/uploads\/2014\/02\/logo-4-2.png","header-alternate-logo-width":"141","masthead-background-color":"#","masthead-background-image":"none","masthead-background-repeat":"cover","masthead-background-position":"left","masthead-gradient-top-opacity":"zero","masthead-gradient-bottom-opacity":"zero","wp-menus":"","menu-font-color":"#ffffff","menu-active-color":"#ffffff","header-background-color":"#","header-background-image":"","header-background-repeat":"no-repeat","header-background-position":"left","header-breadcrumbs":"","index":"layout_header_page-header-alternate-1","ancestor_key":"","version_key":"","import_key":""},"_framework_saved":[],"_other":[],"_default":[]}},"sample-resort":{"title":"Resort and Spa","alias":"sample-resort","custom_options":{"_framework":{"field_types":{"header-content":"select-type","header-content-2":"select-type","header-alternate-logo":"fileupload-type","header-alternate-logo-width":"input-text","masthead-background-color":"colorpicker-type","masthead-background-image":"fileupload-type","masthead-background-repeat":"select-type","masthead-background-position":"select-type","masthead-gradient-top-opacity":"select-type","masthead-gradient-bottom-opacity":"select-type","wp-menus":"select-type","menu-font-color":"colorpicker-type","menu-active-color":"colorpicker-type","header-background-color":"colorpicker-type","header-background-image":"fileupload-type","header-background-repeat":"select-type","header-background-position":"select-type","header-breadcrumbs":"select-type"},"header-content":"slide-show@RevSlider:one_page_resort","header-content-2":"default@default","header-alternate-logo":"http:\/\/para.llel.us\/themes\/vellum-wp\/wp-content\/uploads\/2014\/01\/logo-vellum-resort.png","header-alternate-logo-width":"295","masthead-background-color":"#","masthead-background-image":"none","masthead-background-repeat":"cover","masthead-background-position":"left","masthead-gradient-top-opacity":"zero","masthead-gradient-bottom-opacity":"zero","wp-menus":"home-page-resort","menu-font-color":"#","menu-active-color":"#","header-background-color":"#","header-background-image":"","header-background-repeat":"no-repeat","header-background-position":"left","header-breadcrumbs":"","index":"layout_header_sample-resort","ancestor_key":"","version_key":"","import_key":""},"_framework_saved":[],"_other":[],"_default":[]}},"real-estate":{"title":"Real Estate","alias":"real-estate","custom_options":{"_framework":{"field_types":{"header-content":"select-type","header-content-2":"select-type","header-alternate-logo":"fileupload-type","header-alternate-logo-width":"input-text","masthead-background-color":"colorpicker-type","masthead-background-image":"fileupload-type","masthead-background-repeat":"select-type","masthead-background-position":"select-type","masthead-gradient-top-opacity":"select-type","masthead-gradient-bottom-opacity":"select-type","wp-menus":"select-type","menu-font-color":"colorpicker-type","menu-active-color":"colorpicker-type","header-background-color":"colorpicker-type","header-background-image":"fileupload-type","header-background-repeat":"select-type","header-background-position":"select-type","header-breadcrumbs":"select-type"},"header-content":"static-block@4621","header-content-2":"default@default","header-alternate-logo":"http:\/\/para.llel.us\/themes\/vellum-wp\/wp-content\/uploads\/2014\/02\/logo-vellum-real-estate.png","header-alternate-logo-width":"167","masthead-background-color":"#","masthead-background-image":"none","masthead-background-repeat":"cover","masthead-background-position":"left","masthead-gradient-top-opacity":"","masthead-gradient-bottom-opacity":"","wp-menus":"real-estate","menu-font-color":"#","menu-active-color":"#","header-background-color":"#","header-background-image":"","header-background-repeat":"no-repeat","header-background-position":"left","header-breadcrumbs":"","index":"layout_header_real-estate","ancestor_key":"","version_key":"","import_key":""},"_framework_saved":[],"_other":[],"_default":[]}},"bigblue-business":{"title":"Big Business","alias":"bigblue-business","custom_options":{"_framework":{"field_types":{"header-content":"select-type","header-content-2":"select-type","header-alternate-logo":"fileupload-type","header-alternate-logo-width":"input-text","masthead-background-color":"colorpicker-type","masthead-background-image":"fileupload-type","masthead-background-repeat":"select-type","masthead-background-position":"select-type","masthead-gradient-top-opacity":"select-type","masthead-gradient-bottom-opacity":"select-type","wp-menus":"select-type","menu-font-color":"colorpicker-type","menu-active-color":"colorpicker-type","header-background-color":"colorpicker-type","header-background-image":"fileupload-type","header-background-repeat":"select-type","header-background-position":"select-type","header-breadcrumbs":"select-type"},"header-content":"slide-show@RevSlider:business","header-content-2":"default@default","header-alternate-logo":"http:\/\/para.llel.us\/themes\/vellum-wp\/wp-content\/uploads\/2014\/02\/logo.png","header-alternate-logo-width":"","masthead-background-color":"#ffffff","masthead-background-image":"none","masthead-background-repeat":"cover","masthead-background-position":"left","masthead-gradient-top-opacity":"","masthead-gradient-bottom-opacity":"","wp-menus":"","menu-font-color":"#999999","menu-active-color":"#0a0a0a","header-background-color":"#ffffff","header-background-image":"","header-background-repeat":"no-repeat","header-background-position":"left","header-breadcrumbs":"","index":"layout_header_bigblue-business","ancestor_key":"","version_key":"","import_key":""},"_framework_saved":[],"_other":[],"_default":[]}},"real-estate-single":{"title":"Real Estate - Single","alias":"real-estate-single","custom_options":{"_framework":{"field_types":{"header-content":"select-type","header-content-2":"select-type","header-alternate-logo":"fileupload-type","header-alternate-logo-width":"input-text","masthead-background-color":"colorpicker-type","masthead-background-image":"fileupload-type","masthead-background-repeat":"select-type","masthead-background-position":"select-type","masthead-gradient-top-opacity":"select-type","masthead-gradient-bottom-opacity":"select-type","wp-menus":"select-type","menu-font-color":"colorpicker-type","menu-active-color":"colorpicker-type","header-background-color":"colorpicker-type","header-background-image":"fileupload-type","header-background-repeat":"select-type","header-background-position":"select-type","header-breadcrumbs":"select-type"},"header-content":"static-block@4701","header-content-2":"default@default","header-alternate-logo":"http:\/\/para.llel.us\/themes\/vellum-wp\/wp-content\/uploads\/2014\/02\/logo-vellum-real-estate.png","header-alternate-logo-width":"167","masthead-background-color":"#","masthead-background-image":"none","masthead-background-repeat":"cover","masthead-background-position":"left","masthead-gradient-top-opacity":"","masthead-gradient-bottom-opacity":"","wp-menus":"real-estate","menu-font-color":"#","menu-active-color":"#","header-background-color":"#","header-background-image":"","header-background-repeat":"no-repeat","header-background-position":"left","header-breadcrumbs":"","index":"layout_header_real-estate-single","ancestor_key":"","version_key":"","import_key":""},"_framework_saved":[],"_other":[],"_default":[]}},"wine":{"title":"Wine","alias":"wine","custom_options":{"_framework":{"field_types":{"header-content":"select-type","header-content-2":"select-type","header-alternate-logo":"fileupload-type","header-alternate-logo-width":"input-text","masthead-background-color":"colorpicker-type","masthead-background-image":"fileupload-type","masthead-background-repeat":"select-type","masthead-background-position":"select-type","masthead-gradient-top-opacity":"select-type","masthead-gradient-bottom-opacity":"select-type","wp-menus":"select-type","menu-font-color":"colorpicker-type","menu-active-color":"colorpicker-type","header-background-color":"colorpicker-type","header-background-image":"fileupload-type","header-background-repeat":"select-type","header-background-position":"select-type","header-breadcrumbs":"select-type"},"header-content":"slide-show@RevSlider:wine","header-content-2":"default@default","header-alternate-logo":"http:\/\/para.llel.us\/themes\/vellum-wp\/wp-content\/uploads\/2014\/02\/wine_logo.png","header-alternate-logo-width":"","masthead-background-color":"#","masthead-background-image":"","masthead-background-repeat":"cover","masthead-background-position":"left","masthead-gradient-top-opacity":"","masthead-gradient-bottom-opacity":"","wp-menus":"","menu-font-color":"#","menu-active-color":"#","header-background-color":"#","header-background-image":"","header-background-repeat":"no-repeat","header-background-position":"left","header-breadcrumbs":"","index":"layout_header_wine","ancestor_key":"","version_key":"","import_key":""},"_framework_saved":[],"_other":[],"_default":[]}},"portfolio-home":{"title":"Creative Studio","alias":"portfolio-home","custom_options":{"_framework":{"field_types":{"header-content":"select-type","header-content-2":"select-type","header-alternate-logo":"fileupload-type","header-alternate-logo-width":"input-text","masthead-background-color":"colorpicker-type","masthead-background-image":"fileupload-type","masthead-background-repeat":"select-type","masthead-background-position":"select-type","masthead-gradient-top-opacity":"select-type","masthead-gradient-bottom-opacity":"select-type","wp-menus":"select-type","menu-font-color":"colorpicker-type","menu-active-color":"colorpicker-type","header-background-color":"colorpicker-type","header-background-image":"fileupload-type","header-background-repeat":"select-type","header-background-position":"select-type","header-breadcrumbs":"select-type"},"header-content":"slide-show@RevSlider:portfolio-home","header-content-2":"default@default","header-alternate-logo":"http:\/\/para.llel.us\/themes\/vellum-wp\/wp-content\/uploads\/2014\/02\/logo-vellum-portfolio.png","header-alternate-logo-width":"163","masthead-background-color":"#","masthead-background-image":"none","masthead-background-repeat":"cover","masthead-background-position":"left","masthead-gradient-top-opacity":"zero","masthead-gradient-bottom-opacity":"zero","wp-menus":"home-page-portfolio","menu-font-color":"#","menu-active-color":"#","header-background-color":"#","header-background-image":"","header-background-repeat":"no-repeat","header-background-position":"left","header-breadcrumbs":"","index":"layout_header_portfolio-home","ancestor_key":"","version_key":"","import_key":""},"_framework_saved":[],"_other":[],"_default":[]}},"home-page-video-introduction":{"title":"Home Page - Video Introduction","alias":"home-page-video-introduction","custom_options":{"_framework":{"field_types":{"header-content":"select-type","header-content-2":"select-type","header-alternate-logo":"fileupload-type","header-alternate-logo-width":"input-text","masthead-background-color":"colorpicker-type","masthead-background-image":"fileupload-type","masthead-background-repeat":"select-type","masthead-background-position":"select-type","masthead-gradient-top-opacity":"select-type","masthead-gradient-bottom-opacity":"select-type","wp-menus":"select-type","menu-font-color":"colorpicker-type","menu-active-color":"colorpicker-type","header-background-color":"colorpicker-type","header-background-image":"fileupload-type","header-background-repeat":"select-type","header-background-position":"select-type","header-breadcrumbs":"select-type"},"header-content":"slide-show@RevSlider:home-full-screen-with-video","header-content-2":"default@default","header-alternate-logo":"","header-alternate-logo-width":"","masthead-background-color":"#","masthead-background-image":"","masthead-background-repeat":"cover","masthead-background-position":"left","masthead-gradient-top-opacity":"","masthead-gradient-bottom-opacity":"","wp-menus":"","menu-font-color":"#","menu-active-color":"#","header-background-color":"#","header-background-image":"","header-background-repeat":"no-repeat","header-background-position":"left","header-breadcrumbs":"","index":"layout_header_home-page-video-introduction","ancestor_key":"","version_key":"","import_key":""},"_framework_saved":[],"_other":[],"_default":[]}},"wedding-full-screen":{"title":"Wedding","alias":"wedding-full-screen","custom_options":{"_framework":{"field_types":{"header-content":"select-type","header-content-2":"select-type","header-alternate-logo":"fileupload-type","header-alternate-logo-width":"input-text","masthead-background-color":"colorpicker-type","masthead-background-image":"fileupload-type","masthead-background-repeat":"select-type","masthead-background-position":"select-type","masthead-gradient-top-opacity":"select-type","masthead-gradient-bottom-opacity":"select-type","wp-menus":"select-type","menu-font-color":"colorpicker-type","menu-active-color":"colorpicker-type","header-background-color":"colorpicker-type","header-background-image":"fileupload-type","header-background-repeat":"select-type","header-background-position":"select-type","header-breadcrumbs":"select-type"},"header-content":"slide-show@RevSlider:wedding","header-content-2":"default@default","header-alternate-logo":"http:\/\/para.llel.us\/themes\/vellum-wp\/wp-content\/uploads\/2014\/02\/logo-vellum-wedding.png","header-alternate-logo-width":"143","masthead-background-color":"#","masthead-background-image":"none","masthead-background-repeat":"cover","masthead-background-position":"left","masthead-gradient-top-opacity":"zero","masthead-gradient-bottom-opacity":"zero","wp-menus":"wedding","menu-font-color":"#","menu-active-color":"#","header-background-color":"#","header-background-image":"","header-background-repeat":"no-repeat","header-background-position":"left","header-breadcrumbs":"","index":"layout_header_wedding-full-screen","ancestor_key":"","version_key":"","import_key":""},"_framework_saved":[],"_other":[],"_default":[]}},"404-error":{"alias":"404-error","title":"404 Error"},"forums":{"title":"Forums","alias":"forums","custom_options":{"_framework":{"field_types":{"header-content":"select-type","header-content-2":"select-type","header-alternate-logo":"fileupload-type","header-alternate-logo-width":"input-text","masthead-background-color":"colorpicker-type","masthead-background-image":"fileupload-type","masthead-background-repeat":"select-type","masthead-background-position":"select-type","masthead-gradient-top-opacity":"select-type","masthead-gradient-bottom-opacity":"select-type","masthead-size":"select-type","wp-menus":"select-type","menu-font-color":"colorpicker-type","menu-active-color":"colorpicker-type","header-background-color":"colorpicker-type","header-background-image":"fileupload-type","header-background-repeat":"select-type","header-background-position":"select-type","header-breadcrumbs":"select-type"},"header-content":"default@default","header-content-2":"default@default","header-alternate-logo":"http:\/\/para.llel.us\/themes\/vellum-wp\/wp-content\/uploads\/2014\/02\/logo-vellum-forum.png","header-alternate-logo-width":"164","masthead-background-color":"#3f4b5a","masthead-background-image":"none","masthead-background-repeat":"cover","masthead-background-position":"left","masthead-gradient-top-opacity":"zero","masthead-gradient-bottom-opacity":"zero","masthead-size":"v-masthead-small","wp-menus":"","menu-font-color":"#a8aeb5","menu-active-color":"#","header-background-color":"#","header-background-image":"","header-background-repeat":"no-repeat","header-background-position":"left","header-breadcrumbs":"","index":"layout_header_forums","ancestor_key":"","version_key":"","import_key":""},"_framework_saved":[],"_other":[],"_default":[]}},"shop":{"title":"Shop - Default","alias":"shop","custom_options":{"_framework":{"field_types":{"header-content":"select-type","header-content-2":"select-type","header-alternate-logo":"fileupload-type","header-alternate-logo-width":"input-text","masthead-background-color":"colorpicker-type","masthead-background-image":"fileupload-type","masthead-background-repeat":"select-type","masthead-background-position":"select-type","masthead-gradient-top-opacity":"select-type","masthead-gradient-bottom-opacity":"select-type","masthead-size":"select-type","wp-menus":"select-type","menu-font-color":"colorpicker-type","menu-active-color":"colorpicker-type","header-background-color":"colorpicker-type","header-background-image":"fileupload-type","header-background-repeat":"select-type","header-background-position":"select-type","header-breadcrumbs":"select-type"},"header-content":"default@default","header-content-2":"default@default","header-alternate-logo":"http:\/\/para.llel.us\/themes\/vellum-wp\/wp-content\/uploads\/2014\/02\/logo-vellum-shop.png","header-alternate-logo-width":"162","masthead-background-color":"#545454","masthead-background-image":"","masthead-background-repeat":"cover","masthead-background-position":"left","masthead-gradient-top-opacity":"","masthead-gradient-bottom-opacity":"","masthead-size":"","wp-menus":"","menu-font-color":"#","menu-active-color":"#","header-background-color":"#","header-background-image":"","header-background-repeat":"no-repeat","header-background-position":"left","header-breadcrumbs":"","index":"layout_header_shop","ancestor_key":"","version_key":"","import_key":""},"_framework_saved":[],"_other":[],"_default":[]}},"shop-home":{"title":"Shop - Home","alias":"shop-home","custom_options":{"_framework":{"field_types":{"header-content":"select-type","header-content-2":"select-type","header-alternate-logo":"fileupload-type","header-alternate-logo-width":"input-text","masthead-background-color":"colorpicker-type","masthead-background-image":"fileupload-type","masthead-background-repeat":"select-type","masthead-background-position":"select-type","masthead-gradient-top-opacity":"select-type","masthead-gradient-bottom-opacity":"select-type","masthead-size":"select-type","wp-menus":"select-type","menu-font-color":"colorpicker-type","menu-active-color":"colorpicker-type","header-background-color":"colorpicker-type","header-background-image":"fileupload-type","header-background-repeat":"select-type","header-background-position":"select-type","header-breadcrumbs":"select-type"},"header-content":"static-block@5155","header-content-2":"static-block@5158","header-alternate-logo":"http:\/\/para.llel.us\/themes\/vellum-wp\/wp-content\/uploads\/2014\/02\/logo-vellum-shop.png","header-alternate-logo-width":"162","masthead-background-color":"#545454","masthead-background-image":"","masthead-background-repeat":"cover","masthead-background-position":"left","masthead-gradient-top-opacity":"","masthead-gradient-bottom-opacity":"","masthead-size":"","wp-menus":"","menu-font-color":"#","menu-active-color":"#","header-background-color":"#","header-background-image":"","header-background-repeat":"no-repeat","header-background-position":"left","header-breadcrumbs":"","index":"layout_header_shop-home","ancestor_key":"","version_key":"","import_key":""},"_framework_saved":[],"_other":[],"_default":[]}}},"footers":{"default":{"title":"Default","alias":"default","custom_options":{"_framework":{"field_types":{"footer-top-content":"select-type","footer-bottom-content":"select-type","footer-top-background-color":"colorpicker-type","footer-top-background-image":"fileupload-type","footer-top-background-repeat":"select-type","footer-top-background-position":"select-type","footer-bottom-background-color":"colorpicker-type","footer-bottom-background-image":"fileupload-type","footer-bottom-background-repeat":"select-type","footer-bottom-background-position":"select-type"},"footer-top-content":"static-block@2960","footer-bottom-content":"static-block@447","footer-top-background-color":"#","footer-top-background-image":"","footer-top-background-repeat":"no-repeat","footer-top-background-position":"left","footer-bottom-background-color":"#","footer-bottom-background-image":"","footer-bottom-background-repeat":"no-repeat","footer-bottom-background-position":"left","index":"layout_footer_default","ancestor_key":"","version_key":"","import_key":""},"_framework_saved":[],"_other":[],"_default":[]}},"sample-blog-footer":{"title":"Blog Footer","alias":"sample-blog-footer","custom_options":{"_framework":{"field_types":{"footer-top-content":"select-type","footer-bottom-content":"select-type","footer-top-background-color":"colorpicker-type","footer-top-background-image":"fileupload-type","footer-top-background-repeat":"select-type","footer-top-background-position":"select-type","footer-bottom-background-color":"colorpicker-type","footer-bottom-background-image":"fileupload-type","footer-bottom-background-repeat":"select-type","footer-bottom-background-position":"select-type"},"footer-top-content":"static-block@2215","footer-bottom-content":"@","footer-top-background-color":"#","footer-top-background-image":"","footer-top-background-repeat":"no-repeat","footer-top-background-position":"left","footer-bottom-background-color":"#","footer-bottom-background-image":"","footer-bottom-background-repeat":"no-repeat","footer-bottom-background-position":"left","index":"layout_footer_sample-blog-footer","ancestor_key":"","version_key":"","import_key":""},"_framework_saved":[],"_other":[],"_default":[]}},"full-screen-slider":{"title":"Full Screen Slider","alias":"full-screen-slider","custom_options":{"_framework":{"field_types":{"footer-top-content":"select-type","footer-bottom-content":"select-type","footer-top-background-color":"colorpicker-type","footer-top-background-image":"fileupload-type","footer-top-background-repeat":"select-type","footer-top-background-position":"select-type","footer-bottom-background-color":"colorpicker-type","footer-bottom-background-image":"fileupload-type","footer-bottom-background-repeat":"select-type","footer-bottom-background-position":"select-type"},"footer-top-content":"static-block@2270","footer-bottom-content":"static-block@447","footer-top-background-color":"#f0f0f0","footer-top-background-image":"","footer-top-background-repeat":"no-repeat","footer-top-background-position":"left","footer-bottom-background-color":"#ffffff","footer-bottom-background-image":"","footer-bottom-background-repeat":"no-repeat","footer-bottom-background-position":"left","index":"layout_footer_full-screen-slider","ancestor_key":"","version_key":"","import_key":""},"_framework_saved":[],"_other":[],"_default":[]}},"minimal":{"title":"Minimal","alias":"minimal","custom_options":{"_framework":{"field_types":{"footer-top-content":"select-type","footer-bottom-content":"select-type","footer-top-background-color":"colorpicker-type","footer-top-background-image":"fileupload-type","footer-top-background-repeat":"select-type","footer-top-background-position":"select-type","footer-bottom-background-color":"colorpicker-type","footer-bottom-background-image":"fileupload-type","footer-bottom-background-repeat":"select-type","footer-bottom-background-position":"select-type"},"footer-top-content":"@","footer-bottom-content":"static-block@447","footer-top-background-color":"#","footer-top-background-image":"","footer-top-background-repeat":"no-repeat","footer-top-background-position":"left","footer-bottom-background-color":"#","footer-bottom-background-image":"","footer-bottom-background-repeat":"no-repeat","footer-bottom-background-position":"left","index":"layout_footer_minimal","ancestor_key":"","version_key":"","import_key":""},"_framework_saved":[],"_other":[],"_default":[]}},"portfolio-1":{"alias":"portfolio-1","title":"Portfolio 1"},"portfolio-2":{"title":"Portfolio 2","alias":"portfolio-2","custom_options":{"_framework":{"field_types":{"footer-top-content":"select-type","footer-bottom-content":"select-type","footer-top-background-color":"colorpicker-type","footer-top-background-image":"fileupload-type","footer-top-background-repeat":"select-type","footer-top-background-position":"select-type","footer-bottom-background-color":"colorpicker-type","footer-bottom-background-image":"fileupload-type","footer-bottom-background-repeat":"select-type","footer-bottom-background-position":"select-type"},"footer-top-content":"static-block@4089","footer-bottom-content":"static-block@447","footer-top-background-color":"#","footer-top-background-image":"","footer-top-background-repeat":"no-repeat","footer-top-background-position":"left","footer-bottom-background-color":"#","footer-bottom-background-image":"","footer-bottom-background-repeat":"no-repeat","footer-bottom-background-position":"left","index":"layout_footer_portfolio-2","ancestor_key":"","version_key":"","import_key":""},"_framework_saved":[],"_other":[],"_default":[]}},"blank-empty-footer":{"title":"Blank (empty footer)","alias":"blank-empty-footer","custom_options":{"_framework":{"field_types":{"footer-top-content":"select-type","footer-bottom-content":"select-type","footer-top-background-color":"colorpicker-type","footer-top-background-image":"fileupload-type","footer-top-background-repeat":"select-type","footer-top-background-position":"select-type","footer-bottom-background-color":"colorpicker-type","footer-bottom-background-image":"fileupload-type","footer-bottom-background-repeat":"select-type","footer-bottom-background-position":"select-type"},"footer-top-content":"@","footer-bottom-content":"@","footer-top-background-color":"#","footer-top-background-image":"","footer-top-background-repeat":"no-repeat","footer-top-background-position":"left","footer-bottom-background-color":"#","footer-bottom-background-image":"","footer-bottom-background-repeat":"no-repeat","footer-bottom-background-position":"left","index":"layout_footer_blank-empty-footer","ancestor_key":"","version_key":"","import_key":""},"_framework_saved":[],"_other":[],"_default":[]}},"pages-skin-3":{"title":"Pages (Skin 3)","alias":"pages-skin-3","custom_options":{"_framework":{"field_types":{"footer-top-content":"select-type","footer-bottom-content":"select-type","footer-top-background-color":"colorpicker-type","footer-top-background-image":"fileupload-type","footer-top-background-repeat":"select-type","footer-top-background-position":"select-type","footer-bottom-background-color":"colorpicker-type","footer-bottom-background-image":"fileupload-type","footer-bottom-background-repeat":"select-type","footer-bottom-background-position":"select-type"},"footer-top-content":"static-block@4780","footer-bottom-content":"@","footer-top-background-color":"#","footer-top-background-image":"","footer-top-background-repeat":"no-repeat","footer-top-background-position":"left","footer-bottom-background-color":"#","footer-bottom-background-image":"","footer-bottom-background-repeat":"no-repeat","footer-bottom-background-position":"left","index":"layout_footer_pages-skin-3","ancestor_key":"","version_key":"","import_key":""},"_framework_saved":[],"_other":[],"_default":[]}},"shop":{"alias":"shop","title":"Shop"}},"layouts":{"layout-1374631569":{"action":"save_layout","title":"Home Page","alias":"layout-1374631569","header":"home-page","footer":"default","body_structure":{"row_0":{"column_0":{"content_elements":{"element-0":{"content_type":"default_content","content_source":"","content_override":"false","content_label":""}},"grid_position":"12"}}}},"layout-1374641902":{"action":"save_layout","title":"Default","alias":"layout-1374641902","header":"default","footer":"default","body_structure":{"row_0":{"column_0":{"content_elements":{"element-0":{"content_type":"default_content","content_source":"","content_override":"false","content_label":""}},"grid_position":"9"},"column_1":{"content_elements":{"element-0":{"content_type":"sidebar","content_source":"sidebar-default","content_override":"false","content_label":""}},"visible_on":["desktop","tablet","phone"],"grid_position":"12"}}}},"layout-1375304326":{"action":"save_layout","title":"Full Width","alias":"layout-1375304326","header":"default","footer":"default","body_structure":{"row_0":{"column_0":{"content_elements":{"element-0":{"content_type":"default_content","content_source":"","content_override":"false","content_label":""}},"visible_on":["desktop","tablet","phone"],"grid_position":"12"}}}},"layout-1375673799":{"action":"save_layout","title":"Blog","alias":"layout-1375673799","header":"blog","footer":"sample-blog-footer","body_structure":{"row_0":{"column_0":{"content_elements":{"element-0":{"content_type":"default_content","content_source":"","content_override":"false","content_label":""}},"grid_position":"9"},"column_1":{"content_elements":{"element-0":{"content_type":"sidebar","content_source":"generated_sidebar-blog","content_override":"false","content_label":""}},"visible_on":["desktop","tablet","phone"],"grid_position":"12"}}}},"layout-1375674362":{"action":"save_layout","title":"Blog - Single Post","alias":"layout-1375674362","header":"blog","footer":"sample-blog-footer","body_structure":{"row_0":{"column_0":{"content_elements":{"element-0":{"content_type":"default_content","content_source":"","content_override":"false","content_label":""}},"grid_position":"9"},"column_1":{"content_elements":{"element-0":{"content_type":"sidebar","content_source":"generated_sidebar-single-post","content_override":"false","content_label":""}},"visible_on":["desktop","tablet","phone"],"grid_position":"12"}}}},"layout-1388702344":{"action":"save_layout","title":"Blog (alternate 1)","alias":"layout-1388702344","header":"blog","footer":"default","body_structure":{"row_0":{"column_0":{"content_elements":{"element-0":{"content_type":"default_content","content_source":"","content_override":"false","content_label":""}},"grid_position":"8"},"column_1":{"content_elements":{"element-0":{"content_type":"sidebar","content_source":"generated_sidebar-blog-alternate-1","content_override":"false","content_label":""}},"visible_on":["desktop","tablet","phone"],"grid_position":"12"}}}},"layout-1389244698":{"action":"save_layout","title":"Full Width - Top Header (purple accent)","alias":"layout-1389244698","header":"simple-solid-color-masthead","footer":"default","body_structure":{"row_0":{"column_0":{"content_elements":{"element-0":{"content_type":"default_content","content_source":"","content_override":"false","content_label":""}},"grid_position":"12"}}}},"layout-1389397121":{"action":"save_layout","title":"Masthead Right - Solid Background","alias":"layout-1389397121","header":"simple-green-background","footer":"default","body_structure":{"row_0":{"column_0":{"content_elements":{"element-0":{"content_type":"default_content","content_source":"","content_override":"false","content_label":""}},"grid_position":"12"}}}},"layout-1389591734":{"action":"save_layout","title":"Masthead Left - Boxed","alias":"layout-1389591734","header":"simple-dark-gray-background","footer":"minimal","body_structure":{"row_0":{"column_0":{"content_elements":{"element-0":{"content_type":"default_content","content_source":"","content_override":"false","content_label":""}},"grid_position":"12"}}}},"layout-1389606355":{"action":"save_layout","title":"Masthead Top - Boxed - Narrow","alias":"layout-1389606355","header":"simple-white-background","footer":"default","body_structure":{"row_0":{"column_0":{"content_elements":{"element-0":{"content_type":"default_content","content_source":"","content_override":"false","content_label":""}},"grid_position":"12"}}}},"layout-1390320471":{"action":"save_layout","title":"Full Width (Skin 2)","alias":"layout-1390320471","header":"default","footer":"default","body_structure":{"row_0":{"column_0":{"content_elements":{"element-0":{"content_type":"default_content","content_source":"","content_override":"false","content_label":""}},"grid_position":"12"}}}},"layout-1390326317":{"action":"save_layout","title":"Portfolio (full width)","alias":"layout-1390326317","header":"portfolio","footer":"portfolio-2","body_structure":{"row_0":{"column_0":{"content_elements":{"element-0":{"content_type":"default_content","content_source":"","content_override":"false","content_label":""}},"grid_position":"12"}}}},"layout-1390326373":{"action":"save_layout","title":"Portfolio (full width - skin 2)","alias":"layout-1390326373","header":"portfolio","footer":"portfolio-1","body_structure":{"row_0":{"column_0":{"content_elements":{"element-0":{"content_type":"default_content","content_source":"","content_override":"false","content_label":""}},"grid_position":"12"}}}},"layout-1390326426":{"action":"save_layout","title":"Portfolio (sidebar right)","alias":"layout-1390326426","header":"portfolio","footer":"portfolio-2","body_structure":{"row_0":{"column_0":{"content_elements":{"element-0":{"content_type":"default_content","content_source":"","content_override":"false","content_label":""}},"grid_position":"9"},"column_1":{"content_elements":{"element-0":{"content_type":"sidebar","content_source":"generated_sidebar-portfolio","content_override":"false","content_label":""}},"visible_on":["desktop","tablet","phone"],"grid_position":"12"}}}},"layout-1390326516":{"action":"save_layout","title":"Portfolio (sidebar right - skin 2)","alias":"layout-1390326516","header":"portfolio","footer":"portfolio-1","body_structure":{"row_0":{"column_0":{"content_elements":{"element-0":{"content_type":"default_content","content_source":"","content_override":"false","content_label":""}},"grid_position":"8"},"column_1":{"content_elements":{"element-0":{"content_type":"sidebar","content_source":"generated_sidebar-portfolio","content_override":"false","content_label":""}},"visible_on":["desktop","tablet","phone"],"grid_position":"12"}}}},"layout-1390631797":{"action":"save_layout","title":"Full Width - Top Header (100%)","alias":"layout-1390631797","header":"support-header","footer":"minimal","body_structure":{"row_0":{"column_0":{"content_elements":{"element-0":{"content_type":"default_content","content_source":"","content_override":"false","content_label":""}},"grid_position":"12"}}}},"layout-1390816209":{"action":"save_layout","title":"Corporate (Masthead Right - Boxed)","alias":"layout-1390816209","header":"corporate","footer":"minimal","body_structure":{"row_0":{"column_0":{"content_elements":{"element-0":{"content_type":"default_content","content_source":"","content_override":"false","content_label":""}},"grid_position":"12"}}}},"layout-1390887291":{"action":"save_layout","title":"Page (full width)","alias":"layout-1390887291","header":"page-header","footer":"default","body_structure":{"row_0":{"column_0":{"content_elements":{"element-0":{"content_type":"default_content","content_source":"","content_override":"false","content_label":""}},"grid_position":"12"}}}},"layout-1390895051":{"action":"save_layout","title":"Page - Boxed (sidebar right)","alias":"layout-1390895051","header":"page-header","footer":"default","body_structure":{"row_0":{"column_0":{"content_elements":{"element-0":{"content_type":"default_content","content_source":"","content_override":"false","content_label":""}},"grid_position":"9"},"column_1":{"content_elements":{"element-0":{"content_type":"sidebar","content_source":"generated_sidebar-page","content_override":"false","content_label":""}},"visible_on":["desktop","tablet","phone"],"grid_position":"12"}}}},"layout-1390895341":{"action":"save_layout","title":"Page - Boxed","alias":"layout-1390895341","header":"page-header","footer":"default","body_structure":{"row_0":{"column_0":{"content_elements":{"element-0":{"content_type":"default_content","content_source":"","content_override":"false","content_label":""}},"grid_position":"12"}}}},"layout-1390966034":{"action":"save_layout","title":"Page - Boxed - Skin 3 (sidebar right)","alias":"layout-1390966034","header":"page-header-alternate-1","footer":"default","body_structure":{"row_0":{"column_0":{"content_elements":{"element-0":{"content_type":"default_content","content_source":"","content_override":"false","content_label":""}},"grid_position":"9"},"column_1":{"content_elements":{"element-0":{"content_type":"sidebar","content_source":"generated_sidebar-page","content_override":"false","content_label":""}},"visible_on":["desktop","tablet","phone"],"grid_position":"12"}}}},"layout-1390966261":{"action":"save_layout","title":"Page - Boxed - Skin 3","alias":"layout-1390966261","header":"page-header-alternate-1","footer":"default","body_structure":{"row_0":{"column_0":{"content_elements":{"element-0":{"content_type":"default_content","content_source":"","content_override":"false","content_label":""}},"grid_position":"12"}}}},"layout-1391145129":{"action":"save_layout","title":"Resort","alias":"layout-1391145129","header":"sample-resort","footer":"minimal","body_structure":{"row_0":{"column_0":{"content_elements":{"element-0":{"content_type":"default_content","content_source":"","content_override":"false","content_label":""}},"grid_position":"12"}}}},"layout-1391792178":{"action":"save_layout","title":"Real Estate","alias":"layout-1391792178","header":"real-estate","footer":"minimal","body_structure":{"row_0":{"column_0":{"content_elements":{"element-0":{"content_type":"default_content","content_source":"","content_override":"false","content_label":""}},"grid_position":"12"}}}},"layout-1391853614":{"action":"save_layout","title":"Big Blue Business","alias":"layout-1391853614","header":"bigblue-business","footer":"default","body_structure":{"row_0":{"column_0":{"content_elements":{"element-0":{"content_type":"default_content","content_source":"","content_override":"false","content_label":""}},"grid_position":"12"}}}},"layout-1391855826":{"action":"save_layout","title":"Wine","alias":"layout-1391855826","header":"wine","footer":"default","body_structure":{"row_0":{"column_0":{"content_elements":{"element-0":{"content_type":"default_content","content_source":"","content_override":"false","content_label":""}},"grid_position":"12"}}}},"layout-1392298104":{"action":"save_layout","title":"Creative Studio","alias":"layout-1392298104","header":"portfolio-home","footer":"minimal","body_structure":{"row_0":{"column_0":{"content_elements":{"element-0":{"content_type":"default_content","content_source":"","content_override":"false","content_label":""}},"grid_position":"12"}}}},"layout-1392398320":{"action":"save_layout","title":"Wedding","alias":"layout-1392398320","header":"wedding-full-screen","footer":"blank-empty-footer","body_structure":{"row_0":{"column_0":{"content_elements":{"element-0":{"content_type":"default_content","content_source":"","content_override":"false","content_label":""}},"grid_position":"12"}}}},"layout-1392579900":{"action":"save_layout","title":"404 Error","alias":"layout-1392579900","header":"404-error","footer":"blank-empty-footer","body_structure":{"row_0":{"column_0":{"content_elements":{"element-0":{"content_type":"default_content","content_source":"","content_override":"false","content_label":""}},"grid_position":"12"}}}},"layout-1392625610":{"action":"save_layout","title":"Forums","alias":"layout-1392625610","header":"forums","footer":"blank-empty-footer","body_structure":{"row_0":{"column_0":{"content_elements":{"element-0":{"content_type":"sidebar","content_source":"generated_sidebar-forum","content_override":"false","content_label":""}},"visible_on":["desktop","tablet","phone"],"grid_position":"3"},"column_1":{"content_elements":{"element-0":{"content_type":"default_content","content_source":"","content_override":"false","content_label":""}},"grid_position":"12"}}}},"layout-1392680149":{"action":"save_layout","title":"Shop - Home","alias":"layout-1392680149","header":"shop-home","footer":"shop","body_structure":{"row_0":{"column_0":{"content_elements":{"element-0":{"content_type":"default_content","content_source":"","content_override":"false","content_label":""}},"grid_position":"12"}}}},"layout-1392680224":{"action":"save_layout","title":"Shop - Default","alias":"layout-1392680224","header":"shop","footer":"shop","body_structure":{"row_0":{"column_0":{"content_elements":{"element-0":{"content_type":"default_content","content_source":"","content_override":"false","content_label":""}},"grid_position":"9"},"column_1":{"content_elements":{"element-0":{"content_type":"sidebar","content_source":"generated_sidebar-shop","content_override":"false","content_label":""}},"visible_on":["desktop","tablet","phone"],"grid_position":"12"}}}}},"footers-options":{"settings":{"page_id":1374641297,"title":"New Form","alias":"footers","adminMenuTopItem":"current-theme","showPageTitle":true,"access":"edit_theme_options","pageDescription":"","icon":""},"sortOrder":{"NFew5kdDArx7":{"none":"none","eAW8kxh23CQR":{"none":"none","fHXPXONDQMxE":"fHXPXONDQMxE","1htPSGbuGtmx":"1htPSGbuGtmx"},"mEkA6eLOKRFt":{"none":"none","dKk54DBB4KEJ":"dKk54DBB4KEJ","U9JoD52q6oUC":"U9JoD52q6oUC","g3CMYABrB6xg":"g3CMYABrB6xg","d1LYoARuhvMV":"d1LYoARuhvMV","p4tCFKh87KMM":"p4tCFKh87KMM","5LyiBU2GEH5S":"5LyiBU2GEH5S","FUhbsK4VQTZk":"FUhbsK4VQTZk","OwaWnMrn8Smk":"OwaWnMrn8Smk"}}},"elements":{"none":"none","NFew5kdDArx7":{"index":"NFew5kdDArx7","template":"tab","title":"Default tab","separate":""},"eAW8kxh23CQR":{"index":"eAW8kxh23CQR","template":"container","type":"invisible","title":"Content","display_on_customization_page":false,"separate":""},"fHXPXONDQMxE":{"index":"fHXPXONDQMxE","template":"field","title":"Footer Top Content","type":"select-type","alias":"footer-top-content","values":"default=>Default\r\n","required":null,"requiredMessage":"","titleCaption":"","fieldCaption":"Select a source for the top footer content.","validation":null,"separate":""},"1htPSGbuGtmx":{"index":"1htPSGbuGtmx","template":"field","title":"Footer Bottom Content","type":"select-type","alias":"footer-bottom-content","values":"default=>Default\r\n","required":null,"requiredMessage":"","titleCaption":"","fieldCaption":"Select a source for the bottom footer content.","validation":null,"separate":""},"mEkA6eLOKRFt":{"index":"mEkA6eLOKRFt","template":"container","type":"invisible","title":"Backgrounds","display_on_customization_page":false,"separate":""},"dKk54DBB4KEJ":{"index":"dKk54DBB4KEJ","template":"field","title":"Footer Top Background","type":"colorpicker-type","alias":"footer-top-background-color","values":"","required":false,"requiredMessage":"","titleCaption":"","fieldCaption":"Footer top background color.","validation":null,"separate":""},"U9JoD52q6oUC":{"index":"U9JoD52q6oUC","template":"field","title":"","type":"fileupload-type","alias":"footer-top-background-image","values":"","required":false,"requiredMessage":"","titleCaption":"","fieldCaption":"Footer top background image.","validation":null,"separate":""},"g3CMYABrB6xg":{"index":"g3CMYABrB6xg","template":"field","title":"","type":"select-type","alias":"footer-top-background-repeat","values":"no-repeat=>No Repeat\r\nrepeat=>Repeat\r\nrepeat-x=>Repeat Horizontally\r\nrepeat-y=>Repeat Vertically\r\n","required":null,"requiredMessage":"","titleCaption":"","fieldCaption":"Footer top background repeat.","validation":null,"separate":""},"d1LYoARuhvMV":{"index":"d1LYoARuhvMV","template":"field","title":"","type":"select-type","alias":"footer-top-background-position","values":"left=>Left\r\nright=>Right\r\ncenter=>Center\r\n","required":null,"requiredMessage":"","titleCaption":"","fieldCaption":"Footer top background position.","validation":null,"separate":""},"p4tCFKh87KMM":{"index":"p4tCFKh87KMM","template":"field","title":"Footer Bottom Background","type":"colorpicker-type","alias":"footer-bottom-background-color","values":"","required":false,"requiredMessage":"","titleCaption":"","fieldCaption":"Footer bottom background color.","validation":null,"separate":""},"5LyiBU2GEH5S":{"index":"5LyiBU2GEH5S","template":"field","title":"","type":"fileupload-type","alias":"footer-bottom-background-image","values":"","required":false,"requiredMessage":"","titleCaption":"","fieldCaption":"Footer bottom background image.","validation":null,"separate":""},"FUhbsK4VQTZk":{"index":"FUhbsK4VQTZk","template":"field","title":"","type":"select-type","alias":"footer-bottom-background-repeat","values":"no-repeat=>No Repeat\r\nrepeat=>Repeat\r\nrepeat-x=>Repeat Horizontally\r\nrepeat-y=>Repeat Vertically\r\n","required":null,"requiredMessage":"","titleCaption":"","fieldCaption":"Footer bottom background repeat.","validation":null,"separate":""},"OwaWnMrn8Smk":{"index":"OwaWnMrn8Smk","template":"field","title":"","type":"select-type","alias":"footer-bottom-background-position","values":"left=>Left\r\nright=>Right\r\ncenter=>Center\r\nfull-screen=>Full Screen\r\n","required":null,"requiredMessage":"","titleCaption":"","fieldCaption":"Footer bottom background position.","validation":null,"separate":""}}},"contexts":{"default":"layout-1374641902","home":"layout-1374631569","page":"layout-1390895051","post":"layout-1375674362","blog":"layout-1375673799","search":"layout-1374641902","error":"layout-1392579900","woocommerce-default":"layout-1392680224","woocommerce-home":"layout-1392680149","woocommerce-product":"layout-1392680224","woocommerce-category":"layout-1392680224","woocommerce-tag":"layout-1392680224","woocommerce-cart":"layout-1392680224","woocommerce-checkout":"layout-1392680224","woocommerce-account":"layout-1392680224","category-5":"","category-4":"","category-9":"","category-3":"","category-1":"","category-11":"","category-12":"","category-7":"","forum":"layout-1392625610","topic":"layout-1392625610","reply":"layout-1392625610","portfolio":"layout-1390326516"},"other-options":{"settings":{"page_id":1375312106,"title":"New Form","alias":"other_options","adminMenuTopItem":"current-theme","showPageTitle":true,"access":"edit_theme_options","pageDescription":"","icon":""},"sortOrder":{"ExYBFXhzx2yn":{"none":"none","f0eStFrjiMna":{"none":"none","Gg3xYOOb1N7b":"Gg3xYOOb1N7b","wFCG15Jhm49E":"wFCG15Jhm49E","z5OaQy3O3ZRo":"z5OaQy3O3ZRo","6fsEUFocXQND":"6fsEUFocXQND","er6eV13Rr0vE":"er6eV13Rr0vE"},"RwseiaOq6gPg":{"none":"none","cK32Y7S8cCtN":"cK32Y7S8cCtN","uAGM4yZzbKGC":"uAGM4yZzbKGC","wY31nHaA17CD":"wY31nHaA17CD","GUwDOnTdmWcN":"GUwDOnTdmWcN"},"lnuts5X1MM7F":{"none":"none","OBHtQlfD8NlX":"OBHtQlfD8NlX","65YoGNFBHBSX":"65YoGNFBHBSX"}}},"elements":{"none":"none","ExYBFXhzx2yn":{"index":"ExYBFXhzx2yn","template":"tab","title":"New Tab","separate":""},"f0eStFrjiMna":{"index":"f0eStFrjiMna","template":"container","type":"invisible","title":"Design Settings","display_on_customization_page":false,"separate":"","priority":1},"Gg3xYOOb1N7b":{"index":"Gg3xYOOb1N7b","template":"field","title":"Layout Style","type":"select-type","alias":"layout-style","values":"=>\r\nfull-width-left=>Full Width - Left Header\r\nfull-width-right=>Full Width - Right Header\r\nfull-width=>Full Width - Top Header\r\nboxed-left=>Boxed - Left Header\r\nboxed-right=>Boxed - Right Header\r\nboxed=>Boxed - Top Header\r\n","required":null,"requiredMessage":"","titleCaption":"","fieldCaption":"Optionally override the layout style.","validation":null,"separate":""},"wFCG15Jhm49E":{"index":"wFCG15Jhm49E","template":"field","title":"Skin CSS","type":"select-type","alias":"skin","values":"style-skin-1.css=>Skin 1\r\nstyle-skin-2.css=>Skin 2\r\nstyle-skin-3.css=>Skin 3\r\n","required":null,"requiredMessage":"","titleCaption":"","fieldCaption":"Optionally set a custom skin.","validation":null,"separate":""},"z5OaQy3O3ZRo":{"index":"z5OaQy3O3ZRo","template":"field","title":"Design Width","type":"input-text","alias":"design-width","separate":"","values":"","required":false,"requiredMessage":"","validation":"","validationMessage":"","titleCaption":"","fieldCaption":"Override design width or leave blank.<br>Use 'px' or '%'"},"6fsEUFocXQND":{"index":"6fsEUFocXQND","template":"field","title":"Content Position","type":"select-type","alias":"content-position","values":"=>\r\ncenter=>Center\r\nleft=>Left\r\nright=>Right\r\n","required":null,"requiredMessage":"","validation":null,"validationMessage":"","titleCaption":"","fieldCaption":"Override the design container's horizontal position.","separate":""},"er6eV13Rr0vE":{"index":"er6eV13Rr0vE","template":"field","title":"Accent Color","type":"colorpicker-type","alias":"accent-color-1","values":"","required":false,"requiredMessage":"","validation":null,"validationMessage":"","titleCaption":"","fieldCaption":"Optionally override the primary accent color.","separate":""},"RwseiaOq6gPg":{"index":"RwseiaOq6gPg","template":"container","type":"invisible","title":"Body Background","display_on_customization_page":false,"separate":"","priority":2},"cK32Y7S8cCtN":{"index":"cK32Y7S8cCtN","template":"field","title":"","type":"colorpicker-type","alias":"background-color","values":"","required":false,"requiredMessage":"","validation":null,"validationMessage":"","titleCaption":"","fieldCaption":"","separate":""},"uAGM4yZzbKGC":{"index":"uAGM4yZzbKGC","template":"field","title":"","type":"fileupload-type","alias":"background-image","values":"","required":false,"requiredMessage":"","validation":null,"validationMessage":"","titleCaption":"","fieldCaption":"Use 'none' to clear the default.","separate":""},"wY31nHaA17CD":{"index":"wY31nHaA17CD","template":"field","title":"","type":"select-type","alias":"background-repeat","values":"=>- Repeating -\r\nno-repeat=>No Repeat\r\nrepeat=>Repeat\r\nrepeat-x=>Repeat Horizontally\r\nrepeat-y=>Repeat Vertically\r\n","required":null,"requiredMessage":"","validation":null,"validationMessage":"","titleCaption":"","fieldCaption":"","separate":""},"GUwDOnTdmWcN":{"index":"GUwDOnTdmWcN","template":"field","title":"","type":"select-type","alias":"background-position","values":"=>- Image Position -\r\ncover=>Full Screen (fixed)\r\ncover-only=>Full Screen with Scroll\r\nleft=>Left\r\nright=>Right\r\ncenter=>Center\r\n","required":null,"requiredMessage":"","validation":null,"validationMessage":"","titleCaption":"","fieldCaption":"","separate":""},"lnuts5X1MM7F":{"index":"lnuts5X1MM7F","template":"container","type":"invisible","title":"Links","display_on_customization_page":false,"separate":"","priority":3},"OBHtQlfD8NlX":{"index":"OBHtQlfD8NlX","template":"field","title":"Link Color","type":"colorpicker-type","alias":"link-color","values":"","required":false,"requiredMessage":"","validation":null,"validationMessage":"","repeating":false,"titleCaption":"","fieldCaption":"","separate":""},"65YoGNFBHBSX":{"index":"65YoGNFBHBSX","template":"field","title":"Hover Color","type":"colorpicker-type","alias":"link-hover-color","values":"","required":false,"requiredMessage":"","validation":null,"validationMessage":"","repeating":false,"titleCaption":"","fieldCaption":"","separate":""}}}}