{"use_default":true,"logo_styles":{"background_url":"http:\/\/localhost\/runway\/wp-content\/uploads\/2014\/06\/logo.png","background_size_h":"101","background_size_w":"362","background_position":"center","logo_h":"101","logo_w":"362"},"default-profile-fields":["first_name","last_name"],"footer":"This is a test","items":[{"title":"Theme Options","href":"http:\/\/localhost\/runway\/wp-admin\/admin.php?page=theme-options","icon_url":"","id":"admin-bar-menu-item-3","parent":""},{"title":"Contact Info","href":"http:\/\/localhost\/runway\/wp-admin\/admin.php?page=contact-info","icon_url":"","id":"admin-bar-menu-item-4","parent":"admin-bar-menu-item-3"},{"title":"Social Media","href":"http:\/\/localhost\/runway\/wp-admin\/admin.php?page=social-media","icon_url":"","id":"admin-bar-menu-item-5","parent":"admin-bar-menu-item-3"},{"title":"Google Maps","href":"http:\/\/localhost\/runway\/wp-admin\/admin.php?page=google-maps","icon_url":"","id":"admin-bar-menu-item-6","parent":"admin-bar-menu-item-3"}]}